subg,vbles,u_std,w_std_o6,vble_n,w_std_i1,ss,vi_ipw1,vi_ovw6,subg_c
1,Age,0.386875094,-0.203957169,1,0.232654344,192,1.654669253,1.728396091,Age: 30-34
2,Age,0.709660865,-0.010736064,1,-0.080178402,698,1.979145981,1.811206583,Age: 35-44
3,Age,0.3310196,-0.244733133,1,-0.352591231,540,2.670601212,1.414349859,Age: 45
4,Age,1.324273084,-0.084083032,1,-0.149495939,652,4.180432147,2.076751374,Race: Caucasian
5,Age,1.371411753,0.098532964,1,0.170385155,558,2.676003018,2.220774494,Race: African American
6,Age,1.186745535,0.007519939,1,0.005745217,220,2.746914974,2.482996852,Race: Other
7,Age,1.088774183,-0.012371478,1,-0.049825474,204,2.924699924,2.022760028,Prior Procs: Yes
8,Age,1.352412489,0.001955538,1,-0.035559926,1226,3.848087462,2.25477189,Prior Procs: No
9,Age,0.690811082,-0.15374176,1,-0.309211857,508,2.44275562,1.348265632,Children: 2+
10,Age,1.316897534,0.053046857,1,0.113603081,922,2.176309853,1.961056894,Children: 0-1
11,Age,1.12787615,-0.198031614,1,-0.016792703,397,2.294134236,2.357311614,Anxiety/Depression: Yes
12,Age,1.403219019,0.07903484,1,-0.029315213,1033,4.13258,2.19051544,Anxiety/Depression: No
13,Age,1.32623159,0.023867354,1,-0.020107177,1172,3.776785548,2.249604378,Bleeding Symp: Yes
14,Age,1.316170821,-0.093376682,1,-0.106698695,258,3.293970854,2.057122149,Bleeding Symp: No
15,Age,1.353596046,-0.011881486,1,0.098030594,897,2.91059619,2.29770394,Pelvic Pain: Yes
16,Age,1.333122451,0.016234884,1,-0.194040934,533,4.566671224,2.109824305,Pelvic Pain: No
17,Age,1.189704126,-0.084892171,1,0.165758281,493,2.007562812,2.346937908,Total QoL: 35
18,Age,1.421793002,0.04214596,1,-0.078595858,937,4.161481421,2.147092163,QoL: > 35
19,Age,1.409953791,0.002594439,1,-0.122361864,226,3.605061582,1.962408714,Severity: < 30
20,Age,1.394354558,0.032846838,1,0.014144892,746,3.367604391,2.179600125,Severity: 30-69
21,Age,1.195538234,-0.069455729,1,-0.06855482,458,4.058184637,2.321573466,Severity: 70
22,Age,1.202076313,-0.097038086,1,0.04808985,498,2.719745632,2.166984024,EQ5D VAS: < 70
23,Age,1.393101095,0.049514905,1,-0.077022684,932,4.168995622,2.232554071,EQ5D VAS: 70
24,Age,1.525538021,0.152274165,1,0.157609597,396,3.392356903,2.177629916,Time since Diag: 0-1 years
25,Age,1.244800676,-0.054762463,1,-0.096824241,1034,3.791232341,2.254938531,Time since Diag: 2+ years
26,Age,1.286267919,-0.067702806,1,-0.130421919,984,4.034681865,2.216078014,Uterine Volume: 750
27,Age,1.477169053,0.144299426,1,0.193064949,446,2.359241548,2.197075675,Uterine Volume: > 750
28,Age,1.367467922,0.067978302,1,0.178250851,597,2.813699927,2.112659526,Obesity: Yes
29,Age,1.351957062,-0.050580498,1,-0.094715062,833,3.740975157,2.171681631,Obesity: No
30,Age,1.150188567,-0.069323235,1,-0.074020913,223,2.957082057,2.226280354,Gynec. Disorders: Yes
31,Age,1.349219533,0.016069946,1,-0.029815634,1207,3.880521216,2.232719014,Gynec. Disorders: No
32,Age,1.456710325,0.288519688,1,0.523197147,398,1.862550165,2.392264384,Finacial Toxicity: Yes
33,Age,1.282699034,-0.105555156,1,-0.145369508,1032,3.90201554,2.188012633,Finacial Toxicity: No
34,Age,1.545985251,0.18750478,1,0.404050106,466,2.101796159,2.261547199,Route: Abdominal
35,Age,1.19259658,-0.086961528,1,-0.251656841,964,4.308279759,1.984772002,Route: Minimally Invasive
36,Age,1.319427969,4.37E-12,1,-0.036978029,1430,3.727793163,2.235829077,Overall
1,Race: White,-0.256775164,-0.088713481,2,-0.114081637,192,1.654669253,1.728396091,Age: 30-34
2,Race: White,0.178676186,0.016171426,2,-0.04128398,698,1.979145981,1.811206583,Age: 35-44
3,Race: White,0.215700916,-0.018945057,2,-0.176880091,540,2.670601212,1.414349859,Age: 45
4,Race: White,0,0,2,0,652,4.180432147,2.076751374,Race: Caucasian
7,Race: White,0.264492895,-0.058697712,2,-0.244255134,204,2.924699924,2.022760028,Prior Procs: Yes
8,Race: White,0.243558992,0.009964395,2,-0.071424457,1226,3.848087462,2.25477189,Prior Procs: No
9,Race: White,0.232055193,0.062722736,2,-0.160206242,508,2.44275562,1.348265632,Children: 2+
10,Race: White,0.295379411,-0.020222613,2,-0.058896635,922,2.176309853,1.961056894,Children: 0-1
11,Race: White,0.062814776,0.067307564,2,-0.082491634,397,2.294134236,2.357311614,Anxiety/Depression: Yes
12,Race: White,0.301465952,-0.025525699,2,-0.103149756,1033,4.13258,2.19051544,Anxiety/Depression: No
13,Race: White,0.24932614,0.001874745,2,-0.137434209,1172,3.776785548,2.249604378,Bleeding Symp: Yes
14,Race: White,0.184161387,-0.007357836,2,0.0700212,258,3.293970854,2.057122149,Bleeding Symp: No
15,Race: White,0.268643717,0.072181757,2,0.029831531,897,2.91059619,2.29770394,Pelvic Pain: Yes
16,Race: White,0.192563721,-0.098485354,2,-0.265764787,533,4.566671224,2.109824305,Pelvic Pain: No
17,Race: White,0.231023689,-0.028610432,2,0.033715685,493,2.007562812,2.346937908,Total QoL: 35
18,Race: White,0.277232901,0.015174218,2,-0.112133261,937,4.161481421,2.147092163,QoL: > 35
19,Race: White,0.358536966,0.103249347,2,0.38501213,226,3.605061582,1.962408714,Severity: < 30
20,Race: White,0.250774982,0.054031321,2,-0.11705885,746,3.367604391,2.179600125,Severity: 30-69
21,Race: White,0.199978848,-0.169713613,2,-0.290016497,458,4.058184637,2.321573466,Severity: 70
22,Race: White,0.267495353,0.04617339,2,0.046281593,498,2.719745632,2.166984024,EQ5D VAS: < 70
23,Race: White,0.213905111,-0.02309326,2,-0.172031133,932,4.168995622,2.232554071,EQ5D VAS: 70
24,Race: White,0.290916023,0.167180199,2,0.238633165,396,3.392356903,2.177629916,Time since Diag: 0-1 years
25,Race: White,0.226291091,-0.065853732,2,-0.224833513,1034,3.791232341,2.254938531,Time since Diag: 2+ years
26,Race: White,0.284508865,0.12020549,2,-0.030263491,984,4.034681865,2.216078014,Uterine Volume: 750
27,Race: White,0.009585663,-0.269625152,2,-0.227475683,446,2.359241548,2.197075675,Uterine Volume: > 750
28,Race: White,0.091958287,-0.098736647,2,0.118553129,597,2.813699927,2.112659526,Obesity: Yes
29,Race: White,0.445514654,0.042823245,2,-0.048558225,833,3.740975157,2.171681631,Obesity: No
30,Race: White,0.444667373,0.001015583,2,-0.014644622,223,2.957082057,2.226280354,Gynec. Disorders: Yes
31,Race: White,0.189292604,-0.005296296,2,-0.11571945,1207,3.880521216,2.232719014,Gynec. Disorders: No
32,Race: White,0.147084544,-0.048225803,2,0.092305575,398,1.862550165,2.392264384,Finacial Toxicity: Yes
33,Race: White,0.267779425,0.002737508,2,-0.105869655,1032,3.90201554,2.188012633,Finacial Toxicity: No
34,Race: White,0.08950651,-0.111603152,2,-0.138149562,466,2.101796159,2.261547199,Route: Abdominal
35,Race: White,0.186684234,0.057472493,2,-0.141150226,964,4.308279759,1.984772002,Route: Minimally Invasive
36,Race: White,0.233868514,-4.29E-13,2,-0.098361505,1430,3.727793163,2.235829077,Overall
1,Race: Black,0.297379043,0.035771304,3,0.264371536,192,1.654669253,1.728396091,Age: 30-34
2,Race: Black,0.013530806,0.003788323,3,0.078458386,698,1.979145981,1.811206583,Age: 35-44
3,Race: Black,0.046538059,-0.002523427,3,0.223117834,540,2.670601212,1.414349859,Age: 45
5,Race: Black,0,0,3,0,558,2.676003018,2.220774494,Race: African American
7,Race: Black,-0.206768039,0.05583339,3,0.065128467,204,2.924699924,2.022760028,Prior Procs: Yes
8,Race: Black,-0.052480639,-0.010253902,3,0.155828704,1226,3.848087462,2.25477189,Prior Procs: No
9,Race: Black,-0.016324418,0.042569068,3,0.287438197,508,2.44275562,1.348265632,Children: 2+
10,Race: Black,-0.111817179,-0.014540098,3,0.0574905,922,2.176309853,1.961056894,Children: 0-1
11,Race: Black,0.057968535,-0.128431461,3,0.116005041,397,2.294134236,2.357311614,Anxiety/Depression: Yes
12,Race: Black,-0.102834311,0.048986874,3,0.149648069,1033,4.13258,2.19051544,Anxiety/Depression: No
13,Race: Black,-0.148910218,-0.049133382,3,0.148155727,1172,3.776785548,2.249604378,Bleeding Symp: Yes
14,Race: Black,0.270400617,0.203069285,3,0.129265781,258,3.293970854,2.057122149,Bleeding Symp: No
15,Race: Black,-0.062176547,-0.005519051,3,0.058545006,897,2.91059619,2.29770394,Pelvic Pain: Yes
16,Race: Black,-0.082631657,0.007900333,3,0.246513654,533,4.566671224,2.109824305,Pelvic Pain: No
17,Race: Black,-0.042607455,0.054782184,3,0.101341338,493,2.007562812,2.346937908,Total QoL: 35
18,Race: Black,-0.107405502,-0.029064787,3,0.120032679,937,4.161481421,2.147092163,QoL: > 35
19,Race: Black,-0.046254695,0.008385582,3,-0.24863137,226,3.605061582,1.962408714,Severity: < 30
20,Race: Black,-0.106592334,-0.098587319,3,0.18587885,746,3.367604391,2.179600125,Severity: 30-69
21,Race: Black,-0.06841396,0.176319479,3,0.268759955,458,4.058184637,2.321573466,Severity: 70
22,Race: Black,-0.104029451,-0.045065092,3,-0.051497328,498,2.719745632,2.166984024,EQ5D VAS: < 70
23,Race: Black,-0.040854498,0.022515859,3,0.242530217,932,4.168995622,2.232554071,EQ5D VAS: 70
24,Race: Black,-0.050176477,-0.088490518,3,-0.061828608,396,3.392356903,2.177629916,Time since Diag: 0-1 years
25,Race: Black,-0.074564493,0.030395721,3,0.222118387,1034,3.791232341,2.254938531,Time since Diag: 2+ years
26,Race: Black,-0.107536185,-0.118661454,3,0.066348898,984,4.034681865,2.216078014,Uterine Volume: 750
27,Race: Black,0.142128037,0.236350578,3,0.285573817,446,2.359241548,2.197075675,Uterine Volume: > 750
28,Race: Black,-0.083415178,0.085892142,3,-0.145099158,597,2.813699927,2.112659526,Obesity: Yes
29,Race: Black,-0.22049099,-0.03373737,3,0.092573656,833,3.740975157,2.171681631,Obesity: No
30,Race: Black,-0.227410081,-0.11668771,3,-0.046198779,223,2.957082057,2.226280354,Gynec. Disorders: Yes
31,Race: Black,-0.024626889,0.024232283,3,0.180953749,1207,3.880521216,2.232719014,Gynec. Disorders: No
32,Race: Black,0.085698467,-0.010341077,3,-0.08106862,398,1.862550165,2.392264384,Finacial Toxicity: Yes
33,Race: Black,-0.116290854,0.016952769,3,0.168780312,1032,3.90201554,2.188012633,Finacial Toxicity: No
34,Race: Black,0.149476182,0.118148262,3,0.21792815,466,2.101796159,2.261547199,Route: Abdominal
35,Race: Black,-0.028032636,-0.068090972,3,0.172008528,964,4.308279759,1.984772002,Route: Minimally Invasive
36,Race: Black,-0.058322804,-7.17E-13,3,0.144421375,1430,3.727793163,2.235829077,Overall
1,Race: Other,-0.076373219,0.084173163,4,-0.22178287,192,1.654669253,1.728396091,Age: 30-34
2,Race: Other,-0.26549227,-0.029482342,4,-0.048893913,698,1.979145981,1.811206583,Age: 35-44
3,Race: Other,-0.331361535,0.027503161,4,-0.035698464,540,2.670601212,1.414349859,Age: 45
6,Race: Other,0,0,4,0,220,2.746914974,2.482996852,Race: Other
7,Race: Other,-0.065556407,-1.08E-12,4,0.251789079,204,2.924699924,2.022760028,Prior Procs: Yes
8,Race: Other,-0.257234624,2.09E-12,4,-0.105978693,1226,3.848087462,2.25477189,Prior Procs: No
9,Race: Other,-0.277538535,-0.128687192,4,-0.146646902,508,2.44275562,1.348265632,Children: 2+
10,Race: Other,-0.253054672,0.05200838,4,0.004174374,922,2.176309853,1.961056894,Children: 0-1
11,Race: Other,-0.185848122,0.097468635,4,-0.048301334,397,2.294134236,2.357311614,Anxiety/Depression: Yes
12,Race: Other,-0.25770788,-0.030764221,4,-0.052412175,1033,4.13258,2.19051544,Anxiety/Depression: No
13,Race: Other,-0.140608954,0.067219549,4,-0.005501758,1172,3.776785548,2.249604378,Bleeding Symp: Yes
14,Race: Other,-0.552476079,-0.253865408,4,-0.26075873,258,3.293970854,2.057122149,Bleeding Symp: No
15,Race: Other,-0.286532714,-0.101665535,4,-0.127108169,897,2.91059619,2.29770394,Pelvic Pain: Yes
16,Race: Other,-0.144768343,0.119671484,4,0.051761664,533,4.566671224,2.109824305,Pelvic Pain: No
17,Race: Other,-0.242687498,-0.039716809,4,-0.181057967,493,2.007562812,2.346937908,Total QoL: 35
18,Race: Other,-0.23471548,0.017796817,4,0.000313223,937,4.161481421,2.147092163,QoL: > 35
19,Race: Other,-0.377858313,-0.140545364,4,-0.151108454,226,3.605061582,1.962408714,Severity: < 30
20,Race: Other,-0.209204989,0.058883441,4,-0.071812451,746,3.367604391,2.179600125,Severity: 30-69
21,Race: Other,-0.169948809,-0.018327138,4,0.039604896,458,4.058184637,2.321573466,Severity: 70
22,Race: Other,-0.231281733,-0.002385284,4,0.005940451,498,2.719745632,2.166984024,EQ5D VAS: < 70
23,Race: Other,-0.228577396,0.001391704,4,-0.078198627,932,4.168995622,2.232554071,EQ5D VAS: 70
24,Race: Other,-0.328712358,-0.117060413,4,-0.238426445,396,3.392356903,2.177629916,Time since Diag: 0-1 years
25,Race: Other,-0.200909639,0.050457341,4,0.012343093,1034,3.791232341,2.254938531,Time since Diag: 2+ years
26,Race: Other,-0.248287024,-0.010752926,4,-0.044876299,984,4.034681865,2.216078014,Uterine Volume: 750
27,Race: Other,-0.199491615,0.021408257,4,-0.092085665,446,2.359241548,2.197075675,Uterine Volume: > 750
28,Race: Other,-0.007130454,0.016570588,4,0.053360517,597,2.813699927,2.112659526,Obesity: Yes
29,Race: Other,-0.304338635,-0.015413253,4,-0.041269858,833,3.740975157,2.171681631,Obesity: No
30,Race: Other,-0.32831685,0.18339419,4,0.0918384,223,2.957082057,2.226280354,Gynec. Disorders: Yes
31,Race: Other,-0.217925022,-0.025954696,4,-0.080282289,1207,3.880521216,2.232719014,Gynec. Disorders: No
32,Race: Other,-0.30296156,0.079713008,4,-0.005350723,398,1.862550165,2.392264384,Finacial Toxicity: Yes
33,Race: Other,-0.211418118,-0.026824404,4,-0.068625517,1032,3.90201554,2.188012633,Finacial Toxicity: No
34,Race: Other,-0.335964251,-0.018806552,4,-0.114716279,466,2.101796159,2.261547199,Route: Abdominal
35,Race: Other,-0.214008122,0.009616295,4,-0.026168039,964,4.308279759,1.984772002,Route: Minimally Invasive
36,Race: Other,-0.237092151,1.61E-12,4,-0.055759353,1430,3.727793163,2.235829077,Overall
1,Hispanic,-0.230682771,-0.16288109,5,-0.291556593,192,1.654669253,1.728396091,Age: 30-34
2,Hispanic,0.041085821,0.031493365,5,0.076431074,698,1.979145981,1.811206583,Age: 35-44
3,Hispanic,-0.065909135,-0.02654284,5,0.072902021,540,2.670601212,1.414349859,Age: 45
4,Hispanic,0.092389947,0.088155206,5,0.125389748,652,4.180432147,2.076751374,Race: Caucasian
5,Hispanic,-0.090382216,-0.087486848,5,-0.03619359,558,2.676003018,2.220774494,Race: African American
6,Hispanic,-0.060037857,-0.071201859,5,0.021268882,220,2.746914974,2.482996852,Race: Other
7,Hispanic,0.15816957,0.203733873,5,0.196096773,204,2.924699924,2.022760028,Prior Procs: Yes
8,Hispanic,-0.039026663,-0.017687763,5,0.030555005,1226,3.848087462,2.25477189,Prior Procs: No
9,Hispanic,0.143317939,5.19E-11,5,0.388167397,508,2.44275562,1.348265632,Children: 2+
10,Hispanic,-0.117424896,-2.60E-12,5,-0.152659644,922,2.176309853,1.961056894,Children: 0-1
11,Hispanic,-0.026138986,0.185791078,5,0.114289218,397,2.294134236,2.357311614,Anxiety/Depression: Yes
12,Hispanic,-0.035269876,-0.056882961,5,0.020182945,1033,4.13258,2.19051544,Anxiety/Depression: No
13,Hispanic,-0.000095518,0.019304419,5,0.058977784,1172,3.776785548,2.249604378,Bleeding Symp: Yes
14,Hispanic,-0.120803701,-0.069060777,5,-0.030960709,258,3.293970854,2.057122149,Bleeding Symp: No
15,Hispanic,-0.039797074,0.034424901,5,0.079519195,897,2.91059619,2.29770394,Pelvic Pain: Yes
16,Hispanic,-0.021850316,-0.048708233,5,-0.010751806,533,4.566671224,2.109824305,Pelvic Pain: No
17,Hispanic,-0.121134352,-0.005933428,5,-0.010412243,493,2.007562812,2.346937908,Total QoL: 35
18,Hispanic,-0.001100051,0.002505567,5,0.056892686,937,4.161481421,2.147092163,QoL: > 35
19,Hispanic,-0.03485625,-0.071511394,5,-0.03362339,226,3.605061582,1.962408714,Severity: < 30
20,Hispanic,0.030758629,0.025242882,5,0.145394595,746,3.367604391,2.179600125,Severity: 30-69
21,Hispanic,-0.164917273,-0.010951709,5,-0.082432672,458,4.058184637,2.321573466,Severity: 70
22,Hispanic,0.061421792,0.116075702,5,0.178982017,498,2.719745632,2.166984024,EQ5D VAS: < 70
23,Hispanic,-0.070238673,-0.065130824,5,-0.023270154,932,4.168995622,2.232554071,EQ5D VAS: 70
24,Hispanic,0.052753472,-0.059119289,5,0.113540306,396,3.392356903,2.177629916,Time since Diag: 0-1 years
25,Hispanic,-0.06580742,0.01960246,5,0.017529297,1034,3.791232341,2.254938531,Time since Diag: 2+ years
26,Hispanic,-0.060723326,-0.064654557,5,0.009756658,984,4.034681865,2.216078014,Uterine Volume: 750
27,Hispanic,0.034195818,0.112583394,5,0.099138348,446,2.359241548,2.197075675,Uterine Volume: > 750
28,Hispanic,0.007750541,0.013570827,5,0.12672604,597,2.813699927,2.112659526,Obesity: Yes
29,Hispanic,-0.056864002,-0.007380968,5,-0.018158826,833,3.740975157,2.171681631,Obesity: No
30,Hispanic,-0.199095155,-0.042947435,5,-0.010088667,223,2.957082057,2.226280354,Gynec. Disorders: Yes
31,Hispanic,-0.002666219,0.00642036,5,0.05271311,1207,3.880521216,2.232719014,Gynec. Disorders: No
32,Hispanic,-0.118437516,-0.009059697,5,-0.042132337,398,1.862550165,2.392264384,Finacial Toxicity: Yes
33,Hispanic,0.007402984,0.005875224,5,0.059199466,1032,3.90201554,2.188012633,Finacial Toxicity: No
34,Hispanic,-0.051111047,-0.121322976,5,-0.105175111,466,2.101796159,2.261547199,Route: Abdominal
35,Hispanic,-0.021786914,0.048040309,5,0.132273527,964,4.308279759,1.984772002,Route: Minimally Invasive
36,Hispanic,-0.032443423,1.18E-11,5,0.040913067,1430,3.727793163,2.235829077,Overall
1,Insurance,-0.563727058,-0.390096008,6,-0.373065646,192,1.654669253,1.728396091,Age: 30-34
2,Insurance,-0.169406509,0.025634163,6,-0.036702372,698,1.979145981,1.811206583,Age: 35-44
3,Insurance,-0.07640032,0.057763444,6,-0.098588619,540,2.670601212,1.414349859,Age: 45
4,Insurance,0.02589805,0.109585904,6,-0.114860281,652,4.180432147,2.076751374,Race: Caucasian
5,Insurance,-0.25552464,-0.069622809,6,0.019747119,558,2.676003018,2.220774494,Race: African American
6,Insurance,-0.106035295,-0.092363605,6,-0.12833463,220,2.746914974,2.482996852,Race: Other
7,Insurance,0.030475501,0.13722541,6,-0.077296347,204,2.924699924,2.022760028,Prior Procs: Yes
8,Insurance,-0.11628681,-0.022702515,6,-0.086825463,1226,3.848087462,2.25477189,Prior Procs: No
9,Insurance,-0.244709053,-0.184952692,6,-0.26922773,508,2.44275562,1.348265632,Children: 2+
10,Insurance,-0.003087117,0.061836084,6,0.032311875,922,2.176309853,1.961056894,Children: 0-1
11,Insurance,-0.187407818,0.016300269,6,-0.177079835,397,2.294134236,2.357311614,Anxiety/Depression: Yes
12,Insurance,-0.058633049,-0.007732081,6,-0.029841185,1033,4.13258,2.19051544,Anxiety/Depression: No
13,Insurance,-0.096885381,-0.024700632,6,-0.17713265,1172,3.776785548,2.249604378,Bleeding Symp: Yes
14,Insurance,-0.076821757,0.089817441,6,0.254137025,258,3.293970854,2.057122149,Bleeding Symp: No
15,Insurance,-0.085762224,-0.008840623,6,-0.037501046,897,2.91059619,2.29770394,Pelvic Pain: Yes
16,Insurance,-0.086137523,0.014309235,6,-0.137438604,533,4.566671224,2.109824305,Pelvic Pain: No
17,Insurance,-0.175498883,0.020514994,6,-0.077148094,493,2.007562812,2.346937908,Total QoL: 35
18,Insurance,-0.025695663,-0.009123341,6,-0.062941808,937,4.161481421,2.147092163,QoL: > 35
19,Insurance,-0.028535172,0.153119101,6,0.395032863,226,3.605061582,1.962408714,Severity: < 30
20,Insurance,-0.067443751,-0.024399206,6,-0.159715704,746,3.367604391,2.179600125,Severity: 30-69
21,Insurance,-0.103442829,-0.038641076,6,-0.214199503,458,4.058184637,2.321573466,Severity: 70
22,Insurance,-0.085762217,-0.078942864,6,-0.071432563,498,2.719745632,2.166984024,EQ5D VAS: < 70
23,Insurance,-0.055516157,0.04520766,6,-0.083441111,932,4.168995622,2.232554071,EQ5D VAS: 70
24,Insurance,-0.053899589,0.063562273,6,0.16682173,396,3.392356903,2.177629916,Time since Diag: 0-1 years
25,Insurance,-0.108898926,-0.027724706,6,-0.183439151,1034,3.791232341,2.254938531,Time since Diag: 2+ years
26,Insurance,-0.078959535,-0.004167455,6,-0.106315443,984,4.034681865,2.216078014,Uterine Volume: 750
27,Insurance,-0.125378404,0.009604924,6,-0.037511713,446,2.359241548,2.197075675,Uterine Volume: > 750
28,Insurance,-0.098770341,0.106598069,6,0.190635055,597,2.813699927,2.112659526,Obesity: Yes
29,Insurance,-0.009794669,-0.083150282,6,-0.156977369,833,3.740975157,2.171681631,Obesity: No
30,Insurance,0.179081016,0.234777311,6,0.068143685,223,2.957082057,2.226280354,Gynec. Disorders: Yes
31,Insurance,-0.145206056,-0.041689029,6,-0.110671112,1207,3.880521216,2.232719014,Gynec. Disorders: No
32,Insurance,-0.161759509,0.074438363,6,-0.021906545,398,1.862550165,2.392264384,Finacial Toxicity: Yes
33,Insurance,-0.06803101,-0.045737777,6,-0.067635038,1032,3.90201554,2.188012633,Finacial Toxicity: No
34,Insurance,-0.224156833,-0.09649828,6,-0.244354894,466,2.101796159,2.261547199,Route: Abdominal
35,Insurance,-0.062130239,0.053265301,6,-0.035124335,964,4.308279759,1.984772002,Route: Minimally Invasive
36,Insurance,-0.096059556,-2.00E-12,6,-0.085185559,1430,3.727793163,2.235829077,Overall
1,Parity,1.503452697,0.447430424,7,0.709128419,192,1.654669253,1.728396091,Age: 30-34
2,Parity,0.833352826,-0.048071702,7,-0.108433148,698,1.979145981,1.811206583,Age: 35-44
3,Parity,0.780046607,-0.020671256,7,-0.042794986,540,2.670601212,1.414349859,Age: 45
4,Parity,0.980446957,0.041619448,7,-0.062090831,652,4.180432147,2.076751374,Race: Caucasian
5,Parity,1.112340264,0.029632989,7,0.146001235,558,2.676003018,2.220774494,Race: African American
6,Parity,1.058495789,-0.187949281,7,-0.180295836,220,2.746914974,2.482996852,Race: Other
7,Parity,0.891804883,0.152609868,7,0.205007009,204,2.924699924,2.022760028,Prior Procs: Yes
8,Parity,1.071772054,-0.023374994,7,-0.042127408,1226,3.848087462,2.25477189,Prior Procs: No
9,Parity,0,0,7,0,508,2.44275562,1.348265632,Children: 2+
10,Parity,0,0,7,0,922,2.176309853,1.961056894,Children: 0-1
11,Parity,1.102934598,1.61E-11,7,0.211569237,397,2.294134236,2.357311614,Anxiety/Depression: Yes
12,Parity,1.004838367,7.57E-12,7,-0.085511793,1033,4.13258,2.19051544,Anxiety/Depression: No
13,Parity,1.042338028,-0.03366882,7,0.004767062,1172,3.776785548,2.249604378,Bleeding Symp: Yes
14,Parity,0.90430381,0.151421585,7,-0.101023882,258,3.293970854,2.057122149,Bleeding Symp: No
15,Parity,1.058757406,-0.004987887,7,0.126877984,897,2.91059619,2.29770394,Pelvic Pain: Yes
16,Parity,0.978967087,0.007130146,7,-0.212415849,533,4.566671224,2.109824305,Pelvic Pain: No
17,Parity,1.086853195,-0.07933861,7,0.223527063,493,2.007562812,2.346937908,Total QoL: 35
18,Parity,0.985507542,0.036608582,7,-0.125816125,937,4.161481421,2.147092163,QoL: > 35
19,Parity,0.989382383,0.051327588,7,-0.278212885,226,3.605061582,1.962408714,Severity: < 30
20,Parity,0.957480884,-0.01573394,7,0.011756342,746,3.367604391,2.179600125,Severity: 30-69
21,Parity,1.118740446,-0.000796407,7,0.075658601,458,4.058184637,2.321573466,Severity: 70
22,Parity,0.95934371,-0.055458094,7,-0.010854326,498,2.719745632,2.166984024,EQ5D VAS: < 70
23,Parity,1.059106232,0.029677933,7,-0.020322819,932,4.168995622,2.232554071,EQ5D VAS: 70
24,Parity,1.178258786,0.037763457,7,-0.077144074,396,3.392356903,2.177629916,Time since Diag: 0-1 years
25,Parity,0.984457778,-0.015170107,7,0.006032621,1034,3.791232341,2.254938531,Time since Diag: 2+ years
26,Parity,1.046309281,0.028356948,7,-0.065349107,984,4.034681865,2.216078014,Uterine Volume: 750
27,Parity,0.958078195,-0.068638361,7,0.167535637,446,2.359241548,2.197075675,Uterine Volume: > 750
28,Parity,1.053878191,0.014714765,7,0.162302781,597,2.813699927,2.112659526,Obesity: Yes
29,Parity,0.999360482,-0.008610744,7,-0.109387186,833,3.740975157,2.171681631,Obesity: No
30,Parity,0.613566742,-0.190157313,7,-0.068079039,223,2.957082057,2.226280354,Gynec. Disorders: Yes
31,Parity,1.1196303,0.034771578,7,-0.002299936,1207,3.880521216,2.232719014,Gynec. Disorders: No
32,Parity,1.202351965,0.047807826,7,0.423287045,398,1.862550165,2.392264384,Finacial Toxicity: Yes
33,Parity,0.97125617,-0.019163184,7,-0.116212662,1032,3.90201554,2.188012633,Finacial Toxicity: No
34,Parity,1.223033721,-0.023637791,7,0.261709158,466,2.101796159,2.261547199,Route: Abdominal
35,Parity,0.885737532,0.013899948,7,-0.163144319,964,4.308279759,1.984772002,Route: Minimally Invasive
36,Parity,1.032431345,9.70E-12,7,-0.013048663,1430,3.727793163,2.235829077,Overall
1,Prior procedure,0.361331555,-0.092628381,8,0.025729144,192,1.654669253,1.728396091,Age: 30-34
2,Prior procedure,0.129490269,0.062623983,8,-0.006526333,698,1.979145981,1.811206583,Age: 35-44
3,Prior procedure,0.052735269,-0.128233719,8,0.052313589,540,2.670601212,1.414349859,Age: 45
4,Prior procedure,0.167021244,-0.029220284,8,-0.035174425,652,4.180432147,2.076751374,Race: Caucasian
5,Prior procedure,0.120010151,0.02651003,8,-0.009629199,558,2.676003018,2.220774494,Race: African American
6,Prior procedure,0.271459608,-1.55E-12,8,0.328754566,220,2.746914974,2.482996852,Race: Other
7,Prior procedure,0,0,8,0,204,2.924699924,2.022760028,Prior Procs: Yes
8,Prior procedure,0,0,8,0,1226,3.848087462,2.25477189,Prior Procs: No
9,Prior procedure,0.189826779,0.11395759,8,0.150933587,508,2.44275562,1.348265632,Children: 2+
10,Prior procedure,0.238097768,-0.031418237,8,-0.018146017,922,2.176309853,1.961056894,Children: 0-1
11,Prior procedure,0.188336915,-0.013092973,8,0.082723613,397,2.294134236,2.357311614,Anxiety/Depression: Yes
12,Prior procedure,0.138173255,0.005096938,8,0.019410719,1033,4.13258,2.19051544,Anxiety/Depression: No
13,Prior procedure,0.1295315,-0.037549232,8,-0.016189766,1172,3.776785548,2.249604378,Bleeding Symp: Yes
14,Prior procedure,0.226190677,0.149093423,8,0.278705364,258,3.293970854,2.057122149,Bleeding Symp: No
15,Prior procedure,0.193452946,0.030581808,8,-0.001219884,897,2.91059619,2.29770394,Pelvic Pain: Yes
16,Prior procedure,0.080129499,-0.037970316,8,0.094342292,533,4.566671224,2.109824305,Pelvic Pain: No
17,Prior procedure,0.119489654,-0.111066964,8,0.038390466,493,2.007562812,2.346937908,Total QoL: 35
18,Prior procedure,0.157282165,0.050333388,8,0.039484537,937,4.161481421,2.147092163,QoL: > 35
19,Prior procedure,0.072729443,-0.222625496,8,-0.059563732,226,3.605061582,1.962408714,Severity: < 30
20,Prior procedure,0.200422012,0.11011249,8,0.063642485,746,3.367604391,2.179600125,Severity: 30-69
21,Prior procedure,0.086372787,-0.083033963,8,0.053658125,458,4.058184637,2.321573466,Severity: 70
22,Prior procedure,0.144810052,0.101622246,8,0.073511463,498,2.719745632,2.166984024,EQ5D VAS: < 70
23,Prior procedure,0.156758922,-0.052013678,8,0.020151132,932,4.168995622,2.232554071,EQ5D VAS: 70
24,Prior procedure,0.174507793,0.028581183,8,0.047403149,396,3.392356903,2.177629916,Time since Diag: 0-1 years
25,Prior procedure,0.143245545,-0.009358822,8,0.053784523,1034,3.791232341,2.254938531,Time since Diag: 2+ years
26,Prior procedure,0.126624562,-0.063924908,8,-0.002863362,984,4.034681865,2.216078014,Uterine Volume: 750
27,Prior procedure,0.213832458,0.126988042,8,0.13881748,446,2.359241548,2.197075675,Uterine Volume: > 750
28,Prior procedure,0.245787172,0.100012149,8,0.081088606,597,2.813699927,2.112659526,Obesity: Yes
29,Prior procedure,0.092794295,-0.0583821,8,0.016629909,833,3.740975157,2.171681631,Obesity: No
30,Prior procedure,-0.190698511,-0.0859811,8,-0.505115734,223,2.957082057,2.226280354,Gynec. Disorders: Yes
31,Prior procedure,0.218950731,0.011455231,8,0.183087014,1207,3.880521216,2.232719014,Gynec. Disorders: No
32,Prior procedure,0.164758382,-0.083736733,8,-0.026976298,398,1.862550165,2.392264384,Finacial Toxicity: Yes
33,Prior procedure,0.147254676,0.031707424,8,0.061450429,1032,3.90201554,2.188012633,Finacial Toxicity: No
34,Prior procedure,0.157772635,0.03380497,8,0.009082007,466,2.101796159,2.261547199,Route: Abdominal
35,Prior procedure,0.172663497,-0.021756389,8,0.074918107,964,4.308279759,1.984772002,Route: Minimally Invasive
36,Prior procedure,0.152239378,1.19E-12,8,0.038729739,1430,3.727793163,2.235829077,Overall
1,Bleeding symp.,0.399464412,0.090758842,9,0.048195296,192,1.654669253,1.728396091,Age: 30-34
2,Bleeding symp.,0.226604433,-0.048316388,9,-0.072132859,698,1.979145981,1.811206583,Age: 35-44
3,Bleeding symp.,0.305290088,0.09083794,9,0.073559322,540,2.670601212,1.414349859,Age: 45
4,Bleeding symp.,0.249717438,0.003927076,9,-0.078236695,652,4.180432147,2.076751374,Race: Caucasian
5,Bleeding symp.,-0.003862436,-0.128383026,9,0.023374756,558,2.676003018,2.220774494,Race: African American
6,Bleeding symp.,0.561676722,0.312972636,9,0.231396923,220,2.746914974,2.482996852,Race: Other
7,Bleeding symp.,0.089319002,-0.177459135,9,-0.278224728,204,2.924699924,2.022760028,Prior Procs: Yes
8,Bleeding symp.,0.229009525,0.031477,9,0.05055595,1226,3.848087462,2.25477189,Prior Procs: No
9,Bleeding symp.,0.118384305,-0.132872316,9,0.061553779,508,2.44275562,1.348265632,Children: 2+
10,Bleeding symp.,0.1508333,0.038402837,9,-0.0233613,922,2.176309853,1.961056894,Children: 0-1
11,Bleeding symp.,0.102347403,-0.187814771,9,-0.23108133,397,2.294134236,2.357311614,Anxiety/Depression: Yes
12,Bleeding symp.,0.256624042,0.06361907,9,0.076195345,1033,4.13258,2.19051544,Anxiety/Depression: No
13,Bleeding symp.,0,0,9,0,1172,3.776785548,2.249604378,Bleeding Symp: Yes
14,Bleeding symp.,0,0,9,0,258,3.293970854,2.057122149,Bleeding Symp: No
15,Bleeding symp.,0.25523225,0.102444941,9,0.225269382,897,2.91059619,2.29770394,Pelvic Pain: Yes
16,Bleeding symp.,0.11043255,-0.109190867,9,-0.291968844,533,4.566671224,2.109824305,Pelvic Pain: No
17,Bleeding symp.,-0.013900331,-0.053970567,9,-0.170113253,493,2.007562812,2.346937908,Total QoL: 35
18,Bleeding symp.,0.217779944,0.009090715,9,-0.017618953,937,4.161481421,2.147092163,QoL: > 35
19,Bleeding symp.,0.207018038,0.241583583,9,0.396237912,226,3.605061582,1.962408714,Severity: < 30
20,Bleeding symp.,0.108091799,-0.095425114,9,-0.088262613,746,3.367604391,2.179600125,Severity: 30-69
21,Bleeding symp.,-0.061501893,0.016914423,9,-0.171857288,458,4.058184637,2.321573466,Severity: 70
22,Bleeding symp.,0.269582896,0.158728301,9,0.24678685,498,2.719745632,2.166984024,EQ5D VAS: < 70
23,Bleeding symp.,0.160502934,-0.065288231,9,-0.107534031,932,4.168995622,2.232554071,EQ5D VAS: 70
24,Bleeding symp.,0.212065568,-0.131763898,9,0.054347945,396,3.392356903,2.177629916,Time since Diag: 0-1 years
25,Bleeding symp.,0.205987987,0.061329763,9,-0.003385969,1034,3.791232341,2.254938531,Time since Diag: 2+ years
26,Bleeding symp.,0.326937772,-0.005431552,9,0.19042467,984,4.034681865,2.216078014,Uterine Volume: 750
27,Bleeding symp.,-0.026650371,0.010655718,9,-0.386119511,446,2.359241548,2.197075675,Uterine Volume: > 750
28,Bleeding symp.,0.04840209,-0.051684285,9,0.173706694,597,2.813699927,2.112659526,Obesity: Yes
29,Bleeding symp.,0.23524611,0.031394927,9,-0.097008992,833,3.740975157,2.171681631,Obesity: No
30,Bleeding symp.,0.280332412,0.123929271,9,0.201938201,223,2.957082057,2.226280354,Gynec. Disorders: Yes
31,Bleeding symp.,0.198946716,-0.024936898,9,-0.029506421,1207,3.880521216,2.232719014,Gynec. Disorders: No
32,Bleeding symp.,0.252296206,0.030257179,9,0.107223074,398,1.862550165,2.392264384,Finacial Toxicity: Yes
33,Bleeding symp.,0.204693811,-0.004554068,9,-0.033523875,1032,3.90201554,2.188012633,Finacial Toxicity: No
34,Bleeding symp.,-0.010143088,-0.10375498,9,-0.243128836,466,2.101796159,2.261547199,Route: Abdominal
35,Bleeding symp.,0.32919319,0.04336194,9,0.110454394,964,4.308279759,1.984772002,Route: Minimally Invasive
36,Bleeding symp.,0.215279196,1.89E-12,9,0.003525398,1430,3.727793163,2.235829077,Overall
1,Pelvic pain,0.464799596,0.219024164,10,0.357380698,192,1.654669253,1.728396091,Age: 30-34
2,Pelvic pain,0.266931425,-0.010745326,10,-0.06456231,698,1.979145981,1.811206583,Age: 35-44
3,Pelvic pain,0.251952487,-0.002747627,10,0.278925743,540,2.670601212,1.414349859,Age: 45
4,Pelvic pain,0.206806447,0.091621642,10,0.255030662,652,4.180432147,2.076751374,Race: Caucasian
5,Pelvic pain,0.169557075,-0.008204559,10,-0.041980934,558,2.676003018,2.220774494,Race: African American
6,Pelvic pain,-0.040886466,-0.26703802,10,-0.101473282,220,2.746914974,2.482996852,Race: Other
7,Pelvic pain,0.289463619,0.079805704,10,-0.006068116,204,2.924699924,2.022760028,Prior Procs: Yes
8,Pelvic pain,0.132411752,-0.014458398,10,0.130017929,1226,3.848087462,2.25477189,Prior Procs: No
9,Pelvic pain,0.172320393,-0.01035852,10,0.322670842,508,2.44275562,1.348265632,Children: 2+
10,Pelvic pain,0.120444411,0.003425824,10,-0.02024824,922,2.176309853,1.961056894,Children: 0-1
11,Pelvic pain,0.300420863,0.208926172,10,0.305285343,397,2.294134236,2.357311614,Anxiety/Depression: Yes
12,Pelvic pain,0.115307981,-0.07111774,10,0.032674566,1033,4.13258,2.19051544,Anxiety/Depression: No
13,Pelvic pain,0.161383108,0.053439883,10,0.236617411,1172,3.776785548,2.249604378,Bleeding Symp: Yes
14,Pelvic pain,-0.101545306,-0.209270653,10,-0.415703779,258,3.293970854,2.057122149,Bleeding Symp: No
15,Pelvic pain,0,0,10,0,897,2.91059619,2.29770394,Pelvic Pain: Yes
16,Pelvic pain,0,0,10,0,533,4.566671224,2.109824305,Pelvic Pain: No
17,Pelvic pain,0.154307693,0.036877758,10,0.102159083,493,2.007562812,2.346937908,Total QoL: 35
18,Pelvic pain,0.094738036,-0.018449147,10,0.050960675,937,4.161481421,2.147092163,QoL: > 35
19,Pelvic pain,0.171855086,0.011895701,10,-0.363318701,226,3.605061582,1.962408714,Severity: < 30
20,Pelvic pain,0.012145633,-0.078466239,10,0.06253516,746,3.367604391,2.179600125,Severity: 30-69
21,Pelvic pain,0.143756514,0.176408041,10,0.491448294,458,4.058184637,2.321573466,Severity: 70
22,Pelvic pain,0.056384793,-0.111508171,10,-0.041602809,498,2.719745632,2.166984024,EQ5D VAS: < 70
23,Pelvic pain,0.157302007,0.050237332,10,0.170551125,932,4.168995622,2.232554071,EQ5D VAS: 70
24,Pelvic pain,0.120835458,0.153788107,10,-0.059533363,396,3.392356903,2.177629916,Time since Diag: 0-1 years
25,Pelvic pain,0.155670095,-0.065715304,10,0.181609085,1034,3.791232341,2.254938531,Time since Diag: 2+ years
26,Pelvic pain,0.200244673,-0.006262444,10,0.174663596,984,4.034681865,2.216078014,Uterine Volume: 750
27,Pelvic pain,0.01419916,0.01164146,10,-0.016294839,446,2.359241548,2.197075675,Uterine Volume: > 750
28,Pelvic pain,0.182805364,0.073019658,10,0.055666555,597,2.813699927,2.112659526,Obesity: Yes
29,Pelvic pain,0.104298697,-0.036511499,10,0.070828274,833,3.740975157,2.171681631,Obesity: No
30,Pelvic pain,0.02607522,-0.057390251,10,0.008975295,223,2.957082057,2.226280354,Gynec. Disorders: Yes
31,Pelvic pain,0.164039303,0.001362587,10,0.129920866,1207,3.880521216,2.232719014,Gynec. Disorders: No
32,Pelvic pain,0.131637068,0.206028557,10,0.086977071,398,1.862550165,2.392264384,Finacial Toxicity: Yes
33,Pelvic pain,0.169222822,-0.04248407,10,0.06236468,1032,3.90201554,2.188012633,Finacial Toxicity: No
34,Pelvic pain,0.103348311,-0.031170076,10,0.017745099,466,2.101796159,2.261547199,Route: Abdominal
35,Pelvic pain,0.18314704,0.014530769,10,0.151109775,964,4.308279759,1.984772002,Route: Minimally Invasive
36,Pelvic pain,0.15482603,2.40E-12,10,0.110835603,1430,3.727793163,2.235829077,Overall
1,Anxiety,0.525123374,0.382678689,11,0.484050274,192,1.654669253,1.728396091,Age: 30-34
2,Anxiety,0.093538184,0.016791494,11,0.03657059,698,1.979145981,1.811206583,Age: 35-44
3,Anxiety,-0.117513445,-0.142823922,11,0.059162338,540,2.670601212,1.414349859,Age: 45
4,Anxiety,-0.145152894,0.044822497,11,0.082746554,652,4.180432147,2.076751374,Race: Caucasian
5,Anxiety,0.067335654,-0.095639396,11,0.047717328,558,2.676003018,2.220774494,Race: African American
6,Anxiety,-0.003071895,0.141721003,11,0.061800202,220,2.746914974,2.482996852,Race: Other
7,Anxiety,0.026594078,-0.019104479,11,0.140138132,204,2.924699924,2.022760028,Prior Procs: Yes
8,Anxiety,-0.033595859,0.003474909,11,0.061947323,1226,3.848087462,2.25477189,Prior Procs: No
9,Anxiety,0.096669872,9.99E-12,11,0.241337125,508,2.44275562,1.348265632,Children: 2+
10,Anxiety,-0.038054877,7.08E-13,11,-0.022281567,922,2.176309853,1.961056894,Children: 0-1
11,Anxiety,0,0,11,0,397,2.294134236,2.357311614,Anxiety/Depression: Yes
12,Anxiety,0,0,11,0,1033,4.13258,2.19051544,Anxiety/Depression: No
13,Anxiety,-0.066049426,-0.052595896,11,0.014442348,1172,3.776785548,2.249604378,Bleeding Symp: Yes
14,Anxiety,0.073535781,0.227228568,11,0.35672602,258,3.293970854,2.057122149,Bleeding Symp: No
15,Anxiety,0.008495242,0.094243973,11,0.152369847,897,2.91059619,2.29770394,Pelvic Pain: Yes
16,Anxiety,-0.172017447,-0.157621274,11,-0.113761354,533,4.566671224,2.109824305,Pelvic Pain: No
17,Anxiety,-0.102026669,0.021287594,11,-0.000759366,493,2.007562812,2.346937908,Total QoL: 35
18,Anxiety,-0.081482965,-0.017855409,11,0.020252724,937,4.161481421,2.147092163,QoL: > 35
19,Anxiety,0.100358808,0.289568182,11,0.26039741,226,3.605061582,1.962408714,Severity: < 30
20,Anxiety,-0.099725799,-0.063576512,11,0.097987137,746,3.367604391,2.179600125,Severity: 30-69
21,Anxiety,-0.176472862,-0.010550093,11,-0.022000808,458,4.058184637,2.321573466,Severity: 70
22,Anxiety,-0.092297914,-0.068834559,11,0.051915026,498,2.719745632,2.166984024,EQ5D VAS: < 70
23,Anxiety,-0.064681254,0.041544825,11,0.07367759,932,4.168995622,2.232554071,EQ5D VAS: 70
24,Anxiety,-0.085972739,0.010384495,11,-0.196965271,396,3.392356903,2.177629916,Time since Diag: 0-1 years
25,Anxiety,-0.006194526,-0.004540083,11,0.174366706,1034,3.791232341,2.254938531,Time since Diag: 2+ years
26,Anxiety,0.001753863,-0.001695542,11,0.167182242,984,4.034681865,2.216078014,Uterine Volume: 750
27,Anxiety,-0.108657232,0.003171707,11,-0.143022911,446,2.359241548,2.197075675,Uterine Volume: > 750
28,Anxiety,-0.050369018,0.06620008,11,0.096782652,597,2.813699927,2.112659526,Obesity: Yes
29,Anxiety,-0.039214555,-0.036728996,11,0.034454971,833,3.740975157,2.171681631,Obesity: No
30,Anxiety,0.010120522,-0.003279206,11,0.146787886,223,2.957082057,2.226280354,Gynec. Disorders: Yes
31,Anxiety,-0.037442877,-0.005994728,11,0.058911169,1207,3.880521216,2.232719014,Gynec. Disorders: No
32,Anxiety,0.06163518,0.07338699,11,0.159623383,398,1.862550165,2.392264384,Finacial Toxicity: Yes
33,Anxiety,-0.060922951,-0.017869624,11,-0.003661237,1032,3.90201554,2.188012633,Finacial Toxicity: No
34,Anxiety,-0.013292015,-0.043047197,11,-0.056014385,466,2.101796159,2.261547199,Route: Abdominal
35,Anxiety,-0.029674267,0.020380047,11,0.138109825,964,4.308279759,1.984772002,Route: Minimally Invasive
36,Anxiety,-0.023371654,2.50E-12,11,0.074710402,1430,3.727793163,2.235829077,Overall
1,UFS-QoL: Total,-0.796447599,-0.240540369,12,-0.486208008,192,1.654669253,1.728396091,Age: 30-34
2,UFS-QoL: Total,-0.319281942,0.028487151,12,0.099526061,698,1.979145981,1.811206583,Age: 35-44
3,UFS-QoL: Total,-0.349477886,-0.023969256,12,-0.362503754,540,2.670601212,1.414349859,Age: 45
4,UFS-QoL: Total,-0.230044871,0.017513098,12,-0.12741489,652,4.180432147,2.076751374,Race: Caucasian
5,UFS-QoL: Total,-0.32469108,-0.069698306,12,-0.190043172,558,2.676003018,2.220774494,Race: African American
6,UFS-QoL: Total,-0.311788336,0.137250798,12,0.036574911,220,2.746914974,2.482996852,Race: Other
7,UFS-QoL: Total,-0.328196306,-0.099117476,12,-0.30227692,204,2.924699924,2.022760028,Prior Procs: Yes
8,UFS-QoL: Total,-0.253298475,0.016894659,12,-0.108705912,1226,3.848087462,2.25477189,Prior Procs: No
9,UFS-QoL: Total,-0.249452098,0.085926083,12,-0.371954678,508,2.44275562,1.348265632,Children: 2+
10,UFS-QoL: Total,-0.233939679,-0.029760616,12,0.003336276,922,2.176309853,1.961056894,Children: 0-1
11,UFS-QoL: Total,-0.237280197,-0.001907329,12,-0.04711193,397,2.294134236,2.357311614,Anxiety/Depression: Yes
12,UFS-QoL: Total,-0.313686322,0.000631487,12,-0.140083914,1033,4.13258,2.19051544,Anxiety/Depression: No
13,UFS-QoL: Total,-0.167972056,0.027483337,12,-0.103276564,1172,3.776785548,2.249604378,Bleeding Symp: Yes
14,UFS-QoL: Total,-0.33002628,-0.111764808,12,-0.333767486,258,3.293970854,2.057122149,Bleeding Symp: No
15,UFS-QoL: Total,-0.229641675,-0.038115641,12,-0.210505352,897,2.91059619,2.29770394,Pelvic Pain: Yes
16,UFS-QoL: Total,-0.243037778,0.049229059,12,0.030630748,533,4.566671224,2.109824305,Pelvic Pain: No
17,UFS-QoL: Total,-0.021955952,-0.192285769,12,0.107259313,493,2.007562812,2.346937908,Total QoL: 35
18,UFS-QoL: Total,-0.177606403,0.070338949,12,0.047696751,937,4.161481421,2.147092163,QoL: > 35
19,UFS-QoL: Total,-0.035380665,-0.018807463,12,-0.022328525,226,3.605061582,1.962408714,Severity: < 30
20,UFS-QoL: Total,-0.151429375,0.096443556,12,-0.223804409,746,3.367604391,2.179600125,Severity: 30-69
21,UFS-QoL: Total,0.073260324,-0.229103014,12,-0.212111384,458,4.058184637,2.321573466,Severity: 70
22,UFS-QoL: Total,-0.185445685,0.052610227,12,-0.176512907,498,2.719745632,2.166984024,EQ5D VAS: < 70
23,UFS-QoL: Total,-0.226905468,-0.021124802,12,-0.101292045,932,4.168995622,2.232554071,EQ5D VAS: 70
24,UFS-QoL: Total,-0.277200932,-0.011359581,12,0.041270039,396,3.392356903,2.177629916,Time since Diag: 0-1 years
25,UFS-QoL: Total,-0.252485233,0.009608182,12,-0.226023142,1034,3.791232341,2.254938531,Time since Diag: 2+ years
26,UFS-QoL: Total,-0.390243028,0.018493107,12,-0.353249556,984,4.034681865,2.216078014,Uterine Volume: 750
27,UFS-QoL: Total,-0.028638687,-0.03776581,12,0.342573859,446,2.359241548,2.197075675,Uterine Volume: > 750
28,UFS-QoL: Total,-0.257152454,-0.089392465,12,-0.141954732,597,2.813699927,2.112659526,Obesity: Yes
29,UFS-QoL: Total,-0.179034634,0.046689739,12,-0.04241846,833,3.740975157,2.171681631,Obesity: No
30,UFS-QoL: Total,-0.386449617,-0.228668912,12,-0.547687217,223,2.957082057,2.226280354,Gynec. Disorders: Yes
31,UFS-QoL: Total,-0.240265804,0.043954895,12,-0.061328327,1207,3.880521216,2.232719014,Gynec. Disorders: No
32,UFS-QoL: Total,-0.337933762,-0.077755418,12,-0.210544485,398,1.862550165,2.392264384,Finacial Toxicity: Yes
33,UFS-QoL: Total,-0.266546952,0.009065982,12,-0.046972192,1032,3.90201554,2.188012633,Finacial Toxicity: No
34,UFS-QoL: Total,-0.129658194,0.038619983,12,0.062872225,466,2.101796159,2.261547199,Route: Abdominal
35,UFS-QoL: Total,-0.370346378,-0.01504354,12,-0.238510409,964,4.308279759,1.984772002,Route: Minimally Invasive
36,UFS-QoL: Total,-0.269259922,-3.96E-12,12,-0.135410412,1430,3.727793163,2.235829077,Overall
1,QoL: Concern,-0.981932559,-0.479344979,13,-0.789354387,192,1.654669253,1.728396091,Age: 30-34
2,QoL: Concern,-0.377455011,0.050361303,13,0.075665257,698,1.979145981,1.811206583,Age: 35-44
3,QoL: Concern,-0.367513675,-0.01049355,13,-0.088107478,540,2.670601212,1.414349859,Age: 45
4,QoL: Concern,-0.402647666,0.051551874,13,0.083833915,652,4.180432147,2.076751374,Race: Caucasian
5,QoL: Concern,-0.362835619,-0.055556863,13,-0.243726313,558,2.676003018,2.220774494,Race: African American
6,QoL: Concern,-0.521852477,-0.003858568,13,-0.014374063,220,2.746914974,2.482996852,Race: Other
7,QoL: Concern,-0.274093281,0.006408918,13,0.002905072,204,2.924699924,2.022760028,Prior Procs: Yes
8,QoL: Concern,-0.399341292,-0.001122545,13,-0.070944213,1226,3.848087462,2.25477189,Prior Procs: No
9,QoL: Concern,-0.31120165,0.122688124,13,-0.140802615,508,2.44275562,1.348265632,Children: 2+
10,QoL: Concern,-0.369642344,-0.040020206,13,-0.017674991,922,2.176309853,1.961056894,Children: 0-1
11,QoL: Concern,-0.225786872,-3.63E-12,13,0.200849444,397,2.294134236,2.357311614,Anxiety/Depression: Yes
12,QoL: Concern,-0.462315516,-2.27E-12,13,-0.131432464,1033,4.13258,2.19051544,Anxiety/Depression: No
13,QoL: Concern,-0.274912859,0.028560512,13,0.015968988,1172,3.776785548,2.249604378,Bleeding Symp: Yes
14,QoL: Concern,-0.530704139,-0.123084572,13,-0.46668645,258,3.293970854,2.057122149,Bleeding Symp: No
15,QoL: Concern,-0.414477911,-0.105400058,13,-0.247042605,897,2.91059619,2.29770394,Pelvic Pain: Yes
16,QoL: Concern,-0.305100767,0.135637254,13,0.221884875,533,4.566671224,2.109824305,Pelvic Pain: No
17,QoL: Concern,-0.129329881,-0.061142331,13,0.193629426,493,2.007562812,2.346937908,Total QoL: 35
18,QoL: Concern,-0.372872494,0.027055494,13,0.051124622,937,4.161481421,2.147092163,QoL: > 35
19,QoL: Concern,-0.182736643,-0.159441406,13,-0.376498678,226,3.605061582,1.962408714,Severity: < 30
20,QoL: Concern,-0.397356303,0.051349993,13,-0.105281478,746,3.367604391,2.179600125,Severity: 30-69
21,QoL: Concern,0.108878134,-0.024945899,13,0.183972092,458,4.058184637,2.321573466,Severity: 70
22,QoL: Concern,-0.31220406,-0.039744309,13,-0.261145738,498,2.719745632,2.166984024,EQ5D VAS: < 70
23,QoL: Concern,-0.373863326,0.018957643,13,0.044234022,932,4.168995622,2.232554071,EQ5D VAS: 70
24,QoL: Concern,-0.382404841,0.130717036,13,0.033798149,396,3.392356903,2.177629916,Time since Diag: 0-1 years
25,QoL: Concern,-0.381767944,-0.050171687,13,-0.123274779,1034,3.791232341,2.254938531,Time since Diag: 2+ years
26,QoL: Concern,-0.504192791,0.01071421,13,-0.229808787,984,4.034681865,2.216078014,Uterine Volume: 750
27,QoL: Concern,-0.166363694,-0.022797869,13,0.316428934,446,2.359241548,2.197075675,Uterine Volume: > 750
28,QoL: Concern,-0.361900279,0.000562123,13,-0.191730028,597,2.813699927,2.112659526,Obesity: Yes
29,QoL: Concern,-0.317676189,-0.007813327,13,0.05674785,833,3.740975157,2.171681631,Obesity: No
30,QoL: Concern,-0.426885573,-0.197651351,13,-0.274225018,223,2.957082057,2.226280354,Gynec. Disorders: Yes
31,QoL: Concern,-0.37674355,0.034136954,13,-0.022512343,1207,3.880521216,2.232719014,Gynec. Disorders: No
32,QoL: Concern,-0.437933866,-0.117943104,13,-0.234892438,398,1.862550165,2.392264384,Finacial Toxicity: Yes
33,QoL: Concern,-0.382004885,0.031639977,13,0.018235081,1032,3.90201554,2.188012633,Finacial Toxicity: No
34,QoL: Concern,-0.181868152,0.009529693,13,0.011472984,466,2.101796159,2.261547199,Route: Abdominal
35,QoL: Concern,-0.513754215,-0.000903778,13,-0.092789154,964,4.308279759,1.984772002,Route: Minimally Invasive
36,QoL: Concern,-0.388710228,-2.96E-12,13,-0.061561505,1430,3.727793163,2.235829077,Overall
1,QoL: Activities,-0.760355571,-0.293292747,14,-0.526866553,192,1.654669253,1.728396091,Age: 30-34
2,QoL: Activities,-0.29333803,0.020179848,14,0.101643529,698,1.979145981,1.811206583,Age: 35-44
3,QoL: Activities,-0.272992237,0.008051811,14,-0.287874459,540,2.670601212,1.414349859,Age: 45
4,QoL: Activities,-0.226415231,-0.011078439,14,-0.116751055,652,4.180432147,2.076751374,Race: Caucasian
5,QoL: Activities,-0.316411153,-0.013265941,14,-0.127088548,558,2.676003018,2.220774494,Race: African American
6,QoL: Activities,-0.360223175,0.0688546,14,0.033437272,220,2.746914974,2.482996852,Race: Other
7,QoL: Activities,-0.407902828,-0.137506556,14,-0.302100471,204,2.924699924,2.022760028,Prior Procs: Yes
8,QoL: Activities,-0.238277003,0.024881342,14,-0.073435497,1226,3.848087462,2.25477189,Prior Procs: No
9,QoL: Activities,-0.206563621,0.107501489,14,-0.279577937,508,2.44275562,1.348265632,Children: 2+
10,QoL: Activities,-0.247446959,-0.036961901,14,-0.006819171,922,2.176309853,1.961056894,Children: 0-1
11,QoL: Activities,-0.273208289,-0.00585522,14,-0.040414466,397,2.294134236,2.357311614,Anxiety/Depression: Yes
12,QoL: Activities,-0.283588904,0.001977397,14,-0.108944385,1033,4.13258,2.19051544,Anxiety/Depression: No
13,QoL: Activities,-0.159436298,0.032207427,14,-0.065949012,1172,3.776785548,2.249604378,Bleeding Symp: Yes
14,QoL: Activities,-0.387287656,-0.134256196,14,-0.325926635,258,3.293970854,2.057122149,Bleeding Symp: No
15,QoL: Activities,-0.220697923,-0.017323863,14,-0.140792681,897,2.91059619,2.29770394,Pelvic Pain: Yes
16,QoL: Activities,-0.259740519,0.022003219,14,-0.002239692,533,4.566671224,2.109824305,Pelvic Pain: No
17,QoL: Activities,0.048873859,-0.02925368,14,0.268947467,493,2.007562812,2.346937908,Total QoL: 35
18,QoL: Activities,-0.202628483,0.025631358,14,0.030689656,937,4.161481421,2.147092163,QoL: > 35
19,QoL: Activities,0.005482657,-0.036980507,14,0.096720179,226,3.605061582,1.962408714,Severity: < 30
20,QoL: Activities,-0.191097403,0.069579005,14,-0.203192834,746,3.367604391,2.179600125,Severity: 30-69
21,QoL: Activities,0.078236295,-0.169793722,14,-0.162589696,458,4.058184637,2.321573466,Severity: 70
22,QoL: Activities,-0.161339646,0.076110288,14,-0.082433189,498,2.719745632,2.166984024,EQ5D VAS: < 70
23,QoL: Activities,-0.242691432,-0.032542566,14,-0.103812864,932,4.168995622,2.232554071,EQ5D VAS: 70
24,QoL: Activities,-0.299661346,-0.037524831,14,0.069971974,396,3.392356903,2.177629916,Time since Diag: 0-1 years
25,QoL: Activities,-0.240880362,0.01928616,14,-0.190829649,1034,3.791232341,2.254938531,Time since Diag: 2+ years
26,QoL: Activities,-0.368104474,0.028985434,14,-0.27141816,984,4.034681865,2.216078014,Uterine Volume: 750
27,QoL: Activities,-0.063853962,-0.058389715,14,0.250092003,446,2.359241548,2.197075675,Uterine Volume: > 750
28,QoL: Activities,-0.236828507,-0.065962343,14,-0.075309551,597,2.813699927,2.112659526,Obesity: Yes
29,QoL: Activities,-0.198191244,0.033041592,14,-0.040779244,833,3.740975157,2.171681631,Obesity: No
30,QoL: Activities,-0.441491279,-0.240476717,14,-0.418572493,223,2.957082057,2.226280354,Gynec. Disorders: Yes
31,QoL: Activities,-0.230620705,0.045826511,14,-0.05115396,1207,3.880521216,2.232719014,Gynec. Disorders: No
32,QoL: Activities,-0.339817325,-0.146866735,14,-0.234892633,398,1.862550165,2.392264384,Finacial Toxicity: Yes
33,QoL: Activities,-0.256093556,0.03403745,14,-0.015392819,1032,3.90201554,2.188012633,Finacial Toxicity: No
34,QoL: Activities,-0.132964803,0.03840584,14,0.060579031,466,2.101796159,2.261547199,Route: Abdominal
35,QoL: Activities,-0.353031781,-0.016681701,14,-0.186516858,964,4.308279759,1.984772002,Route: Minimally Invasive
36,QoL: Activities,-0.266813559,-3.29E-12,14,-0.107435686,1430,3.727793163,2.235829077,Overall
1,QoL: Self Conscious,-0.418899438,-0.048335274,15,-0.055976199,192,1.654669253,1.728396091,Age: 30-34
2,QoL: Self Conscious,-0.18367184,-0.03808642,15,0.042224498,698,1.979145981,1.811206583,Age: 35-44
3,QoL: Self Conscious,-0.103630995,0.078925032,15,-0.389907054,540,2.670601212,1.414349859,Age: 45
4,QoL: Self Conscious,-0.088181864,0.016393239,15,-0.208849645,652,4.180432147,2.076751374,Race: Caucasian
5,QoL: Self Conscious,-0.163129091,-0.053403999,15,-0.119929433,558,2.676003018,2.220774494,Race: African American
6,QoL: Self Conscious,-0.055210292,0.095117184,15,0.103880986,220,2.746914974,2.482996852,Race: Other
7,QoL: Self Conscious,-0.056064934,0.028447342,15,-0.124863737,204,2.924699924,2.022760028,Prior Procs: Yes
8,QoL: Self Conscious,-0.096606506,-0.004339016,15,-0.141681854,1226,3.848087462,2.25477189,Prior Procs: No
9,QoL: Self Conscious,-0.161033443,-0.038181091,15,-0.436841972,508,2.44275562,1.348265632,Children: 2+
10,QoL: Self Conscious,-0.054708322,0.013536105,15,0.042416618,922,2.176309853,1.961056894,Children: 0-1
11,QoL: Self Conscious,-0.162882622,0.009281491,15,-0.156635792,397,2.294134236,2.357311614,Anxiety/Depression: Yes
12,QoL: Self Conscious,-0.093040384,-0.003210599,15,-0.117077632,1033,4.13258,2.19051544,Anxiety/Depression: No
13,QoL: Self Conscious,-0.043483605,0.001662,15,-0.139561567,1172,3.776785548,2.249604378,Bleeding Symp: Yes
14,QoL: Self Conscious,-0.091700912,-0.007058097,15,-0.172906992,258,3.293970854,2.057122149,Bleeding Symp: No
15,QoL: Self Conscious,-0.099791336,-0.023929046,15,-0.161023963,897,2.91059619,2.29770394,Pelvic Pain: Yes
16,QoL: Self Conscious,-0.029942965,0.033682436,15,-0.06462817,533,4.566671224,2.109824305,Pelvic Pain: No
17,QoL: Self Conscious,0.063006357,-0.100927339,15,0.109654368,493,2.007562812,2.346937908,Total QoL: 35
18,QoL: Self Conscious,0.019843805,0.046405149,15,-0.059732517,937,4.161481421,2.147092163,QoL: > 35
19,QoL: Self Conscious,0.142543743,0.192140185,15,0.127602297,226,3.605061582,1.962408714,Severity: < 30
20,QoL: Self Conscious,0.038330176,0.032704703,15,-0.17235218,746,3.367604391,2.179600125,Severity: 30-69
21,QoL: Self Conscious,0.073722431,-0.234024383,15,-0.302057387,458,4.058184637,2.321573466,Severity: 70
22,QoL: Self Conscious,-0.059289506,0.087411458,15,-0.065485983,498,2.719745632,2.166984024,EQ5D VAS: < 70
23,QoL: Self Conscious,-0.05162542,-0.037848442,15,-0.16477501,932,4.168995622,2.232554071,EQ5D VAS: 70
24,QoL: Self Conscious,-0.190711975,-0.206591824,15,-0.21005552,396,3.392356903,2.177629916,Time since Diag: 0-1 years
25,QoL: Self Conscious,-0.05061943,0.088453505,15,-0.136071051,1034,3.791232341,2.254938531,Time since Diag: 2+ years
26,QoL: Self Conscious,-0.24079443,-0.003938041,15,-0.388952021,984,4.034681865,2.216078014,Uterine Volume: 750
27,QoL: Self Conscious,0.127048065,0.007346449,15,0.490318579,446,2.359241548,2.197075675,Uterine Volume: > 750
28,QoL: Self Conscious,0.02384524,0.068690324,15,0.051617026,597,2.813699927,2.112659526,Obesity: Yes
29,QoL: Self Conscious,-0.090660338,-0.051270582,15,-0.158199981,833,3.740975157,2.171681631,Obesity: No
30,QoL: Self Conscious,-0.169948466,-0.212015573,15,-0.511595466,223,2.957082057,2.226280354,Gynec. Disorders: Yes
31,QoL: Self Conscious,-0.084275542,0.04239004,15,-0.069478605,1207,3.880521216,2.232719014,Gynec. Disorders: No
32,QoL: Self Conscious,-0.080199099,0.023526702,15,-0.015510061,398,1.862550165,2.392264384,Finacial Toxicity: Yes
33,QoL: Self Conscious,-0.11739363,-0.024078717,15,-0.121335975,1032,3.90201554,2.188012633,Finacial Toxicity: No
34,QoL: Self Conscious,0.024767288,0.127883496,15,0.185965681,466,2.101796159,2.261547199,Route: Abdominal
35,QoL: Self Conscious,-0.258155282,-0.052508673,15,-0.338102501,964,4.308279759,1.984772002,Route: Minimally Invasive
36,QoL: Self Conscious,-0.102510093,-2.93E-12,15,-0.142564417,1430,3.727793163,2.235829077,Overall
1,QoL: Control,-0.394004798,-0.06571973,16,-0.284766601,192,1.654669253,1.728396091,Age: 30-34
2,QoL: Control,-0.140016591,0.01775192,16,0.082302872,698,1.979145981,1.811206583,Age: 35-44
3,QoL: Control,-0.21811131,-0.045409428,16,-0.306622475,540,2.670601212,1.414349859,Age: 45
4,QoL: Control,0.063717232,0.046777432,16,-0.075936059,652,4.180432147,2.076751374,Race: Caucasian
5,QoL: Control,-0.191568269,-0.103780359,16,-0.139399097,558,2.676003018,2.220774494,Race: African American
6,QoL: Control,-0.063471391,0.149224102,16,-0.037003572,220,2.746914974,2.482996852,Race: Other
7,QoL: Control,-0.244705315,-0.117195818,16,-0.386681627,204,2.924699924,2.022760028,Prior Procs: Yes
8,QoL: Control,-0.021969523,0.020612704,16,-0.064611606,1226,3.848087462,2.25477189,Prior Procs: No
9,QoL: Control,-0.114945934,0.111542916,16,-0.283032776,508,2.44275562,1.348265632,Children: 2+
10,QoL: Control,-0.040634168,-0.038153594,16,0.00341492,922,2.176309853,1.961056894,Children: 0-1
11,QoL: Control,-0.030047286,0.041998483,16,-0.034224397,397,2.294134236,2.357311614,Anxiety/Depression: Yes
12,QoL: Control,-0.080084005,-0.015132303,16,-0.104177097,1033,4.13258,2.19051544,Anxiety/Depression: No
13,QoL: Control,0.004820756,-0.002603584,16,-0.110124869,1172,3.776785548,2.249604378,Bleeding Symp: Yes
14,QoL: Control,0.009750728,0.010007101,16,-0.107732528,258,3.293970854,2.057122149,Bleeding Symp: No
15,QoL: Control,0.024332348,0.004048712,16,-0.106594646,897,2.91059619,2.29770394,Pelvic Pain: Yes
16,QoL: Control,-0.078797664,-0.005515126,16,-0.049768498,533,4.566671224,2.109824305,Pelvic Pain: No
17,QoL: Control,0.09869376,-0.220502943,16,-0.030954561,493,2.007562812,2.346937908,Total QoL: 35
18,QoL: Control,0.175877935,0.099310757,16,0.108555411,937,4.161481421,2.147092163,QoL: > 35
19,QoL: Control,0.095727895,0.054185427,16,0.161933994,226,3.605061582,1.962408714,Severity: < 30
20,QoL: Control,0.128010628,0.047221083,16,-0.254360319,746,3.367604391,2.179600125,Severity: 30-69
21,QoL: Control,0.219253419,-0.147197304,16,-0.036479516,458,4.058184637,2.321573466,Severity: 70
22,QoL: Control,0.098461341,0.124197969,16,-0.020302416,498,2.719745632,2.166984024,EQ5D VAS: < 70
23,QoL: Control,-0.029422033,-0.055700042,16,-0.13245445,932,4.168995622,2.232554071,EQ5D VAS: 70
24,QoL: Control,0.012393778,0.073264679,16,0.205924501,396,3.392356903,2.177629916,Time since Diag: 0-1 years
25,QoL: Control,-0.065515338,-0.025409246,16,-0.227186688,1034,3.791232341,2.254938531,Time since Diag: 2+ years
26,QoL: Control,-0.124397702,0.032641879,16,-0.239505704,984,4.034681865,2.216078014,Uterine Volume: 750
27,QoL: Control,0.088892656,-0.068769202,16,0.19703164,446,2.359241548,2.197075675,Uterine Volume: > 750
28,QoL: Control,-0.158908244,-0.174593871,16,-0.109728684,597,2.813699927,2.112659526,Obesity: Yes
29,QoL: Control,0.078368679,0.100429825,16,-0.033888858,833,3.740975157,2.171681631,Obesity: No
30,QoL: Control,-0.174978472,-0.066345999,16,-0.431045389,223,2.957082057,2.226280354,Gynec. Disorders: Yes
31,QoL: Control,-0.023657614,0.013511021,16,-0.044708358,1207,3.880521216,2.232719014,Gynec. Disorders: No
32,QoL: Control,-0.151769158,-0.06709615,16,-0.174801638,398,1.862550165,2.392264384,Finacial Toxicity: Yes
33,QoL: Control,-0.024224226,0.005584568,16,-0.014384295,1032,3.90201554,2.188012633,Finacial Toxicity: No
34,QoL: Control,-0.033511225,-0.029001659,16,-0.024026566,466,2.101796159,2.261547199,Route: Abdominal
35,QoL: Control,-0.093669742,0.018601883,16,-0.159567508,964,4.308279759,1.984772002,Route: Minimally Invasive
36,QoL: Control,-0.053930186,-3.37E-12,16,-0.107315015,1430,3.727793163,2.235829077,Overall
1,QoL: Energy,-0.819596146,-0.277239576,17,-0.415566856,192,1.654669253,1.728396091,Age: 30-34
2,QoL: Energy,-0.280367069,0.042668119,17,0.104684193,698,1.979145981,1.811206583,Age: 35-44
3,QoL: Energy,-0.349265529,-0.04686433,17,-0.361756218,540,2.670601212,1.414349859,Age: 45
4,QoL: Energy,-0.193048033,0.038709938,17,-0.120328196,652,4.180432147,2.076751374,Race: Caucasian
5,QoL: Energy,-0.271852996,-0.105634421,17,-0.192054585,558,2.676003018,2.220774494,Race: African American
6,QoL: Energy,-0.225459044,0.170525961,17,0.103129962,220,2.746914974,2.482996852,Race: Other
7,QoL: Energy,-0.305226598,-0.068837858,17,-0.292569188,204,2.924699924,2.022760028,Prior Procs: Yes
8,QoL: Energy,-0.20567173,0.010693387,17,-0.098556979,1226,3.848087462,2.25477189,Prior Procs: No
9,QoL: Energy,-0.255528602,0.0177229,17,-0.430453372,508,2.44275562,1.348265632,Children: 2+
10,QoL: Energy,-0.17490083,-0.005600381,17,0.043501791,922,2.176309853,1.961056894,Children: 0-1
11,QoL: Energy,-0.239027981,-0.003812709,17,-0.167245415,397,2.294134236,2.357311614,Anxiety/Depression: Yes
12,QoL: Energy,-0.25916857,0.001343372,17,-0.078600999,1033,4.13258,2.19051544,Anxiety/Depression: No
13,QoL: Energy,-0.124931479,0.047267988,17,-0.071759145,1172,3.776785548,2.249604378,Bleeding Symp: Yes
14,QoL: Energy,-0.320173102,-0.183063149,17,-0.361968948,258,3.293970854,2.057122149,Bleeding Symp: No
15,QoL: Energy,-0.154782025,0.001854322,17,-0.178664172,897,2.91059619,2.29770394,Pelvic Pain: Yes
16,QoL: Energy,-0.231103277,-0.002572709,17,0.026191156,533,4.566671224,2.109824305,Pelvic Pain: No
17,QoL: Energy,0.005277261,-0.215376454,17,-0.055341698,493,2.007562812,2.346937908,Total QoL: 35
18,QoL: Energy,-0.116259305,0.083473526,17,0.08037205,937,4.161481421,2.147092163,QoL: > 35
19,QoL: Energy,-0.069181964,0.009455654,17,-0.00539157,226,3.605061582,1.962408714,Severity: < 30
20,QoL: Energy,-0.04254193,0.114550951,17,-0.110655348,746,3.367604391,2.179600125,Severity: 30-69
21,QoL: Energy,0.011743435,-0.28182516,17,-0.3505562,458,4.058184637,2.321573466,Severity: 70
22,QoL: Energy,-0.168790119,0.036539733,17,-0.216643413,498,2.719745632,2.166984024,EQ5D VAS: < 70
23,QoL: Energy,-0.159391834,-0.013653211,17,-0.064816997,932,4.168995622,2.232554071,EQ5D VAS: 70
24,QoL: Energy,-0.275203922,-0.043923984,17,-0.020174128,396,3.392356903,2.177629916,Time since Diag: 0-1 years
25,QoL: Energy,-0.188580355,0.022757965,17,-0.185938089,1034,3.791232341,2.254938531,Time since Diag: 2+ years
26,QoL: Energy,-0.316497992,0.024607626,17,-0.322064396,984,4.034681865,2.216078014,Uterine Volume: 750
27,QoL: Energy,-0.022832441,-0.049350768,17,0.304500582,446,2.359241548,2.197075675,Uterine Volume: > 750
28,QoL: Energy,-0.235500597,-0.140807849,17,-0.177090317,597,2.813699927,2.112659526,Obesity: Yes
29,QoL: Energy,-0.116382348,0.075108818,17,-0.00477437,833,3.740975157,2.171681631,Obesity: No
30,QoL: Energy,-0.239629752,-0.106989103,17,-0.446678159,223,2.957082057,2.226280354,Gynec. Disorders: Yes
31,QoL: Energy,-0.209867981,0.023727756,17,-0.063899538,1207,3.880521216,2.232719014,Gynec. Disorders: No
32,QoL: Energy,-0.284599649,-0.063917969,17,-0.19447383,398,1.862550165,2.392264384,Finacial Toxicity: Yes
33,QoL: Energy,-0.221928725,0.00364504,17,-0.03173119,1032,3.90201554,2.188012633,Finacial Toxicity: No
34,QoL: Energy,-0.116540842,0.01309395,17,0.086390128,466,2.101796159,2.261547199,Route: Abdominal
35,QoL: Energy,-0.292988244,-0.003279304,17,-0.230355153,964,4.308279759,1.984772002,Route: Minimally Invasive
36,QoL: Energy,-0.223519534,-3.89E-12,17,-0.123618552,1430,3.727793163,2.235829077,Overall
1,QoL: Sexual function,-0.483721444,0.182532641,18,-0.206762793,192,1.654669253,1.728396091,Age: 30-34
2,QoL: Sexual function,-0.347526775,-0.008084371,18,0.048489652,698,1.979145981,1.811206583,Age: 35-44
3,QoL: Sexual function,-0.314852046,-0.047646882,18,-0.4234159,540,2.670601212,1.414349859,Age: 45
4,QoL: Sexual function,-0.23325287,-0.086063875,18,-0.307451331,652,4.180432147,2.076751374,Race: Caucasian
5,QoL: Sexual function,-0.315482132,-0.034137999,18,-0.110752001,558,2.676003018,2.220774494,Race: African American
6,QoL: Sexual function,-0.235357062,0.362922654,18,0.119581484,220,2.746914974,2.482996852,Race: Other
7,QoL: Sexual function,-0.320768513,0.041514731,18,-0.402615779,204,2.924699924,2.022760028,Prior Procs: Yes
8,QoL: Sexual function,-0.272551672,-0.007365521,18,-0.129857985,1226,3.848087462,2.25477189,Prior Procs: No
9,QoL: Sexual function,-0.229065648,0.094294073,18,-0.352947911,508,2.44275562,1.348265632,Children: 2+
10,QoL: Sexual function,-0.214055992,-0.0318153,18,-0.0631216,922,2.176309853,1.961056894,Children: 0-1
11,QoL: Sexual function,-0.248117005,-0.027122763,18,-0.112784323,397,2.294134236,2.357311614,Anxiety/Depression: Yes
12,QoL: Sexual function,-0.304865459,0.009966299,18,-0.1665567,1033,4.13258,2.19051544,Anxiety/Depression: No
13,QoL: Sexual function,-0.241826792,0.000404353,18,-0.20198886,1172,3.776785548,2.249604378,Bleeding Symp: Yes
14,QoL: Sexual function,-0.203949716,-0.001553936,18,-0.031099572,258,3.293970854,2.057122149,Bleeding Symp: No
15,QoL: Sexual function,-0.231841109,-0.01754907,18,-0.19289687,897,2.91059619,2.29770394,Pelvic Pain: Yes
16,QoL: Sexual function,-0.246643213,0.022663263,18,-0.066170582,533,4.566671224,2.109824305,Pelvic Pain: No
17,QoL: Sexual function,-0.234186209,-0.045449726,18,-0.073972443,493,2.007562812,2.346937908,Total QoL: 35
18,QoL: Sexual function,-0.167927719,0.028624422,18,-0.065680678,937,4.161481421,2.147092163,QoL: > 35
19,QoL: Sexual function,-0.138437659,-0.132384263,18,-0.074137929,226,3.605061582,1.962408714,Severity: < 30
20,QoL: Sexual function,-0.138446623,0.113013713,18,-0.165755485,746,3.367604391,2.179600125,Severity: 30-69
21,QoL: Sexual function,-0.199706979,-0.187824677,18,-0.285882267,458,4.058184637,2.321573466,Severity: 70
22,QoL: Sexual function,-0.145769724,0.10677159,18,-0.10112574,498,2.719745632,2.166984024,EQ5D VAS: < 70
23,QoL: Sexual function,-0.28325943,-0.049492625,18,-0.190565807,932,4.168995622,2.232554071,EQ5D VAS: 70
24,QoL: Sexual function,-0.098431736,0.037556137,18,0.220312536,396,3.392356903,2.177629916,Time since Diag: 0-1 years
25,QoL: Sexual function,-0.342138292,-0.014794922,18,-0.331507471,1034,3.791232341,2.254938531,Time since Diag: 2+ years
26,QoL: Sexual function,-0.356055733,-0.030255256,18,-0.357952632,984,4.034681865,2.216078014,Uterine Volume: 750
27,QoL: Sexual function,-0.096870067,0.062042014,18,0.246484819,446,2.359241548,2.197075675,Uterine Volume: > 750
28,QoL: Sexual function,-0.292976932,-0.158015218,18,-0.23165432,597,2.813699927,2.112659526,Obesity: Yes
29,QoL: Sexual function,-0.221149276,0.095051595,18,-0.085727804,833,3.740975157,2.171681631,Obesity: No
30,QoL: Sexual function,-0.266499178,-0.084110018,18,-0.487685638,223,2.957082057,2.226280354,Gynec. Disorders: Yes
31,QoL: Sexual function,-0.271054673,0.016992717,18,-0.100524477,1207,3.880521216,2.232719014,Gynec. Disorders: No
32,QoL: Sexual function,-0.315786197,0.039478922,18,-0.125903287,398,1.862550165,2.392264384,Finacial Toxicity: Yes
33,QoL: Sexual function,-0.270273867,-0.028209281,18,-0.128339306,1032,3.90201554,2.188012633,Finacial Toxicity: No
34,QoL: Sexual function,-0.169674565,0.05261291,18,0.02749919,466,2.101796159,2.261547199,Route: Abdominal
35,QoL: Sexual function,-0.303006538,-0.02571097,18,-0.245149364,964,4.308279759,1.984772002,Route: Minimally Invasive
36,QoL: Sexual function,-0.27476856,-3.95E-12,18,-0.167759382,1430,3.727793163,2.235829077,Overall
1,QoL: Symp. severity,0.797604737,0.190073221,19,0.282259243,192,1.654669253,1.728396091,Age: 30-34
2,QoL: Symp. severity,0.488846063,0.010642046,19,-0.02442266,698,1.979145981,1.811206583,Age: 35-44
3,QoL: Symp. severity,0.386566441,-0.054473421,19,0.18595176,540,2.670601212,1.414349859,Age: 45
4,QoL: Symp. severity,0.38367552,-0.091538284,19,0.001923784,652,4.180432147,2.076751374,Race: Caucasian
5,QoL: Symp. severity,0.407338265,0.092541141,19,0.199818373,558,2.676003018,2.220774494,Race: African American
6,QoL: Symp. severity,0.505761368,-0.021606576,19,0.056197044,220,2.746914974,2.482996852,Race: Other
7,QoL: Symp. severity,0.379889585,0.055169005,19,0.067449956,204,2.924699924,2.022760028,Prior Procs: Yes
8,QoL: Symp. severity,0.408643967,-0.009655736,19,0.089623609,1226,3.848087462,2.25477189,Prior Procs: No
9,QoL: Symp. severity,0.372506317,-0.006362215,19,0.308661933,508,2.44275562,1.348265632,Children: 2+
10,QoL: Symp. severity,0.368039893,0.002181953,19,-0.043218484,922,2.176309853,1.961056894,Children: 0-1
11,QoL: Symp. severity,0.267637713,-0.079238014,19,-0.102319128,397,2.294134236,2.357311614,Anxiety/Depression: Yes
12,QoL: Symp. severity,0.48894535,0.026855003,19,0.128581983,1033,4.13258,2.19051544,Anxiety/Depression: No
13,QoL: Symp. severity,0.339817648,-0.016654389,19,0.05426951,1172,3.776785548,2.249604378,Bleeding Symp: Yes
14,QoL: Symp. severity,0.40134325,0.078433597,19,0.309879569,258,3.293970854,2.057122149,Bleeding Symp: No
15,QoL: Symp. severity,0.366228494,0.03761434,19,0.234589248,897,2.91059619,2.29770394,Pelvic Pain: Yes
16,QoL: Symp. severity,0.410383629,-0.051997783,19,-0.172415893,533,4.566671224,2.109824305,Pelvic Pain: No
17,QoL: Symp. severity,0.162026538,0.072691216,19,-0.048185214,493,2.007562812,2.346937908,Total QoL: 35
18,QoL: Symp. severity,0.410021739,-0.040245591,19,-0.019332674,937,4.161481421,2.147092163,QoL: > 35
19,QoL: Symp. severity,0.074401608,-0.085833968,19,0.03738953,226,3.605061582,1.962408714,Severity: < 30
20,QoL: Symp. severity,0.425949628,0.000426904,19,0.269799155,746,3.367604391,2.179600125,Severity: 30-69
21,QoL: Symp. severity,0.029723589,0.112967765,19,0.248213903,458,4.058184637,2.321573466,Severity: 70
22,QoL: Symp. severity,0.360037447,0.129207993,19,0.313261594,498,2.719745632,2.166984024,EQ5D VAS: < 70
23,QoL: Symp. severity,0.368023477,-0.059207999,19,-0.032070877,932,4.168995622,2.232554071,EQ5D VAS: 70
24,QoL: Symp. severity,0.440600753,-0.0018194,19,0.056004451,396,3.392356903,2.177629916,Time since Diag: 0-1 years
25,QoL: Symp. severity,0.389507906,-0.003190512,19,0.12166096,1034,3.791232341,2.254938531,Time since Diag: 2+ years
26,QoL: Symp. severity,0.49807816,-0.028909704,19,0.247244562,984,4.034681865,2.216078014,Uterine Volume: 750
27,QoL: Symp. severity,0.226394546,0.057019291,19,-0.258103463,446,2.359241548,2.197075675,Uterine Volume: > 750
28,QoL: Symp. severity,0.385407339,0.130936239,19,0.307173709,597,2.813699927,2.112659526,Obesity: Yes
29,QoL: Symp. severity,0.342133764,-0.072411773,19,-0.08868201,833,3.740975157,2.171681631,Obesity: No
30,QoL: Symp. severity,0.267797331,-0.123232202,19,0.04918796,223,2.957082057,2.226280354,Gynec. Disorders: Yes
31,QoL: Symp. severity,0.423712088,0.017670012,19,0.095833638,1207,3.880521216,2.232719014,Gynec. Disorders: No
32,QoL: Symp. severity,0.345260843,0.028099666,19,0.163895882,398,1.862550165,2.392264384,Finacial Toxicity: Yes
33,QoL: Symp. severity,0.455173457,0.004171222,19,0.020230476,1032,3.90201554,2.188012633,Finacial Toxicity: No
34,QoL: Symp. severity,0.149868969,-0.100950002,19,-0.188071231,466,2.101796159,2.261547199,Route: Abdominal
35,QoL: Symp. severity,0.546322146,0.051716542,19,0.205677283,964,4.308279759,1.984772002,Route: Minimally Invasive
36,QoL: Symp. severity,0.410599997,3.57E-12,19,0.088512842,1430,3.727793163,2.235829077,Overall
1,EQ5D: VAS,-0.51265094,-0.231079675,20,-0.239907007,192,1.654669253,1.728396091,Age: 30-34
2,EQ5D: VAS,-0.234313383,-0.014001199,20,0.145711392,698,1.979145981,1.811206583,Age: 35-44
3,EQ5D: VAS,-0.209369884,0.079945171,20,-0.171733605,540,2.670601212,1.414349859,Age: 45
4,EQ5D: VAS,-0.209328767,0.047341835,20,-0.105187147,652,4.180432147,2.076751374,Race: Caucasian
5,EQ5D: VAS,-0.187029742,-0.07351125,20,0.085885632,558,2.676003018,2.220774494,Race: African American
6,EQ5D: VAS,-0.143310786,0.078350795,20,-0.00485018,220,2.746914974,2.482996852,Race: Other
7,EQ5D: VAS,-0.219275848,-0.240860118,20,-0.166759987,204,2.924699924,2.022760028,Prior Procs: Yes
8,EQ5D: VAS,-0.200116328,0.036363234,20,-0.003748061,1226,3.848087462,2.25477189,Prior Procs: No
9,EQ5D: VAS,-0.000502716,0.067836203,20,0.079396792,508,2.44275562,1.348265632,Children: 2+
10,EQ5D: VAS,-0.231572243,-0.025112829,20,-0.098329817,922,2.176309853,1.961056894,Children: 0-1
11,EQ5D: VAS,-0.202275519,0.051598185,20,-0.012620786,397,2.294134236,2.357311614,Anxiety/Depression: Yes
12,EQ5D: VAS,-0.219482524,-0.022355312,20,-0.007326904,1033,4.13258,2.19051544,Anxiety/Depression: No
13,EQ5D: VAS,-0.210679255,-0.037628354,20,-0.087191164,1172,3.776785548,2.249604378,Bleeding Symp: Yes
14,EQ5D: VAS,-0.008227071,0.171429179,20,0.282149757,258,3.293970854,2.057122149,Bleeding Symp: No
15,EQ5D: VAS,-0.198785453,-0.041170798,20,0.00746904,897,2.91059619,2.29770394,Pelvic Pain: Yes
16,EQ5D: VAS,-0.15313523,0.063938907,20,-0.035828063,533,4.566671224,2.109824305,Pelvic Pain: No
17,EQ5D: VAS,-0.142894301,0.142572956,20,0.19387296,493,2.007562812,2.346937908,Total QoL: 35
18,EQ5D: VAS,-0.150387122,-0.075480204,20,-0.052406246,937,4.161481421,2.147092163,QoL: > 35
19,EQ5D: VAS,-0.212584535,0.086904064,20,0.219393934,226,3.605061582,1.962408714,Severity: < 30
20,EQ5D: VAS,-0.093294365,0.061708395,20,-0.049693032,746,3.367604391,2.179600125,Severity: 30-69
21,EQ5D: VAS,-0.137698011,-0.168729284,20,-0.101489188,458,4.058184637,2.321573466,Severity: 70
22,EQ5D: VAS,-0.062095283,-0.00623182,20,0.107935109,498,2.719745632,2.166984024,EQ5D VAS: < 70
23,EQ5D: VAS,-0.016507276,0.018307773,20,-0.034272333,932,4.168995622,2.232554071,EQ5D VAS: 70
24,EQ5D: VAS,-0.195654071,-0.138268146,20,0.066835574,396,3.392356903,2.177629916,Time since Diag: 0-1 years
25,EQ5D: VAS,-0.200251875,0.058243115,20,-0.060472483,1034,3.791232341,2.254938531,Time since Diag: 2+ years
26,EQ5D: VAS,-0.277212802,-0.069470967,20,-0.130731185,984,4.034681865,2.216078014,Uterine Volume: 750
27,EQ5D: VAS,-0.026265826,0.148100611,20,0.222670741,446,2.359241548,2.197075675,Uterine Volume: > 750
28,EQ5D: VAS,-0.126982451,-0.027315586,20,0.101974211,597,2.813699927,2.112659526,Obesity: Yes
29,EQ5D: VAS,-0.170161265,0.005266573,20,-0.000017089,833,3.740975157,2.171681631,Obesity: No
30,EQ5D: VAS,-0.19659909,0.102049779,20,-0.094535749,223,2.957082057,2.226280354,Gynec. Disorders: Yes
31,EQ5D: VAS,-0.194421055,-0.011281883,20,-0.011629059,1207,3.880521216,2.232719014,Gynec. Disorders: No
32,EQ5D: VAS,-0.17655823,0.000648631,20,0.015088508,398,1.862550165,2.392264384,Finacial Toxicity: Yes
33,EQ5D: VAS,-0.221915847,-0.013842034,20,-0.00159252,1032,3.90201554,2.188012633,Finacial Toxicity: No
34,EQ5D: VAS,-0.118245318,0.096981028,20,0.113927814,466,2.101796159,2.261547199,Route: Abdominal
35,EQ5D: VAS,-0.247246071,-0.046377908,20,-0.082117831,964,4.308279759,1.984772002,Route: Minimally Invasive
36,EQ5D: VAS,-0.201966305,-2.12E-12,20,-0.025772767,1430,3.727793163,2.235829077,Overall
1,Time since diagnosis,0.195643929,0.008910214,21,0.093134444,192,1.654669253,1.728396091,Age: 30-34
2,Time since diagnosis,0.158408679,0.014530937,21,0.063616559,698,1.979145981,1.811206583,Age: 35-44
3,Time since diagnosis,0.054969694,-0.135232455,21,-0.016646289,540,2.670601212,1.414349859,Age: 45
4,Time since diagnosis,0.260649054,-0.078837397,21,-0.121408305,652,4.180432147,2.076751374,Race: Caucasian
5,Time since diagnosis,0.293671505,-0.004979012,21,0.157891265,558,2.676003018,2.220774494,Race: African American
6,Time since diagnosis,0.268721869,0.065417796,21,0.175536604,220,2.746914974,2.482996852,Race: Other
7,Time since diagnosis,0.263387536,-0.257688096,21,-0.355123412,204,2.924699924,2.022760028,Prior Procs: Yes
8,Time since diagnosis,0.225641236,0.018283838,21,0.115040946,1226,3.848087462,2.25477189,Prior Procs: No
9,Time since diagnosis,0.219330798,-0.054575515,21,0.216633104,508,2.44275562,1.348265632,Children: 2+
10,Time since diagnosis,0.356984094,-0.021980516,21,-0.055066508,922,2.176309853,1.961056894,Children: 0-1
11,Time since diagnosis,0.523834125,7.05E-12,21,0.48137052,397,2.294134236,2.357311614,Anxiety/Depression: Yes
12,Time since diagnosis,0.167215984,-0.039819025,21,-0.109998931,1033,4.13258,2.19051544,Anxiety/Depression: No
13,Time since diagnosis,0.309521901,0.012484344,21,0.062151106,1172,3.776785548,2.249604378,Bleeding Symp: Yes
14,Time since diagnosis,0.052683001,-0.19389143,21,-0.099217441,258,3.293970854,2.057122149,Bleeding Symp: No
15,Time since diagnosis,0.41852865,5.67E-12,21,0.118541521,897,2.91059619,2.29770394,Pelvic Pain: Yes
16,Time since diagnosis,-0.029243496,-0.072489454,21,-0.155581194,533,4.566671224,2.109824305,Pelvic Pain: No
17,Time since diagnosis,0.343520151,0.009774061,21,0.323368425,493,2.007562812,2.346937908,Total QoL: 35
18,Time since diagnosis,0.19282926,-0.049208349,21,-0.107782117,937,4.161481421,2.147092163,QoL: > 35
19,Time since diagnosis,-0.00480149,-0.051154468,21,-0.113788849,226,3.605061582,1.962408714,Severity: < 30
20,Time since diagnosis,0.25159808,-0.02343129,21,-0.010440174,746,3.367604391,2.179600125,Severity: 30-69
21,Time since diagnosis,0.34864291,-0.029525439,21,0.203559869,458,4.058184637,2.321573466,Severity: 70
22,Time since diagnosis,0.298170785,-0.0063262,21,0.335849747,498,2.719745632,2.166984024,EQ5D VAS: < 70
23,Time since diagnosis,0.248362893,-0.040432743,21,-0.096625964,932,4.168995622,2.232554071,EQ5D VAS: 70
24,Time since diagnosis,-0.043391605,-0.057333736,21,-0.023325688,396,3.392356903,2.177629916,Time since Diag: 0-1 years
25,Time since diagnosis,0.314972298,-0.050768871,21,0.08511321,1034,3.791232341,2.254938531,Time since Diag: 2+ years
26,Time since diagnosis,0.334140523,-0.092852236,21,0.023935271,984,4.034681865,2.216078014,Uterine Volume: 750
27,Time since diagnosis,0.173769383,0.097206905,21,0.053649746,446,2.359241548,2.197075675,Uterine Volume: > 750
28,Time since diagnosis,0.215334418,-0.134488785,21,0.148313924,597,2.813699927,2.112659526,Obesity: Yes
29,Time since diagnosis,0.243278668,0.036781455,21,-0.040580179,833,3.740975157,2.171681631,Obesity: No
30,Time since diagnosis,0.247962451,-0.09874394,21,-0.280877549,223,2.957082057,2.226280354,Gynec. Disorders: Yes
31,Time since diagnosis,0.252976921,-0.029371262,21,0.126684828,1207,3.880521216,2.232719014,Gynec. Disorders: No
32,Time since diagnosis,0.392723827,0.022235136,21,0.096296724,398,1.862550165,2.392264384,Finacial Toxicity: Yes
33,Time since diagnosis,0.219744262,-0.042983041,21,0.010098356,1032,3.90201554,2.188012633,Finacial Toxicity: No
34,Time since diagnosis,0.164235504,-0.048181531,21,-0.095766232,466,2.101796159,2.261547199,Route: Abdominal
35,Time since diagnosis,0.362535141,-0.024588541,21,0.084728264,964,4.308279759,1.984772002,Route: Minimally Invasive
36,Time since diagnosis,0.264564692,-0.02956171,21,0.031703277,1430,3.727793163,2.235829077,Overall
1,Uterine volume,-0.70683055,-0.461318607,22,-0.532072707,192,1.654669253,1.728396091,Age: 30-34
2,Uterine volume,-0.308514383,0.12408609,22,0.108206882,698,1.979145981,1.811206583,Age: 35-44
3,Uterine volume,-0.270850721,-0.013450627,22,0.134625493,540,2.670601212,1.414349859,Age: 45
4,Uterine volume,-0.347279597,-0.214718129,22,-0.077734879,652,4.180432147,2.076751374,Race: Caucasian
5,Uterine volume,-0.1040111,0.267645282,22,0.152622957,558,2.676003018,2.220774494,Race: African American
6,Uterine volume,-0.199114825,0.010086918,22,0.109600827,220,2.746914974,2.482996852,Race: Other
7,Uterine volume,-0.086743698,0.329648725,22,0.282790845,204,2.924699924,2.022760028,Prior Procs: Yes
8,Uterine volume,-0.264196838,0.000282449,22,0.04616434,1226,3.848087462,2.25477189,Prior Procs: No
9,Uterine volume,-0.123329335,-0.042407768,22,0.189835052,508,2.44275562,1.348265632,Children: 2+
10,Uterine volume,-0.164778576,0.072049665,22,0.028267664,922,2.176309853,1.961056894,Children: 0-1
11,Uterine volume,-0.413337078,-0.092940404,22,-0.325492462,397,2.294134236,2.357311614,Anxiety/Depression: Yes
12,Uterine volume,-0.18030369,0.102293932,22,0.229208489,1033,4.13258,2.19051544,Anxiety/Depression: No
13,Uterine volume,-0.34862895,0.006673078,22,-0.079458956,1172,3.776785548,2.249604378,Bleeding Symp: Yes
14,Uterine volume,0.217642795,0.20228235,22,0.732262107,258,3.293970854,2.057122149,Bleeding Symp: No
15,Uterine volume,-0.318704186,-0.0195622,22,-0.078343646,897,2.91059619,2.29770394,Pelvic Pain: Yes
16,Uterine volume,-0.090636151,0.1337288,22,0.310004221,533,4.566671224,2.109824305,Pelvic Pain: No
17,Uterine volume,-0.471905976,-0.05010164,22,-0.385570346,493,2.007562812,2.346937908,Total QoL: 35
18,Uterine volume,-0.126867506,0.102886748,22,0.3153771,937,4.161481421,2.147092163,QoL: > 35
19,Uterine volume,0.017650363,0.061743315,22,0.490760278,226,3.605061582,1.962408714,Severity: < 30
20,Uterine volume,-0.171041166,0.10299666,22,0.172099181,746,3.367604391,2.179600125,Severity: 30-69
21,Uterine volume,-0.501491205,-0.080814968,22,-0.344180776,458,4.058184637,2.321573466,Severity: 70
22,Uterine volume,-0.453129243,-0.13851109,22,-0.225426583,498,2.719745632,2.166984024,EQ5D VAS: < 70
23,Uterine volume,-0.122183313,0.154144523,22,0.244596413,932,4.168995622,2.232554071,EQ5D VAS: 70
24,Uterine volume,0.002842196,0.078683049,22,0.31583284,396,3.392356903,2.177629916,Time since Diag: 0-1 years
25,Uterine volume,-0.338451746,0.034816286,22,-0.007905972,1034,3.791232341,2.254938531,Time since Diag: 2+ years
26,Uterine volume,-0.244821096,0.100265958,22,0.065167879,984,4.034681865,2.216078014,Uterine Volume: 750
27,Uterine volume,-0.044171531,0.085782917,22,0.043195926,446,2.359241548,2.197075675,Uterine Volume: > 750
28,Uterine volume,-0.352482429,-0.019108426,22,-0.172327032,597,2.813699927,2.112659526,Obesity: Yes
29,Uterine volume,-0.222248798,0.113468875,22,0.171266024,833,3.740975157,2.171681631,Obesity: No
30,Uterine volume,-0.351356803,0.082550133,22,-0.011474647,223,2.957082057,2.226280354,Gynec. Disorders: Yes
31,Uterine volume,-0.212692873,0.051342172,22,0.09479216,1207,3.880521216,2.232719014,Gynec. Disorders: No
32,Uterine volume,-0.27609214,0.042327827,22,-0.212566986,398,1.862550165,2.392264384,Finacial Toxicity: Yes
33,Uterine volume,-0.224786244,0.052266665,22,0.160909645,1032,3.90201554,2.188012633,Finacial Toxicity: No
34,Uterine volume,0.050073984,0.178158639,22,0.259369009,466,2.101796159,2.261547199,Route: Abdominal
35,Uterine volume,-0.144495632,-0.059734774,22,0.131246183,964,4.308279759,1.984772002,Route: Minimally Invasive
36,Uterine volume,-0.240230054,0.047329876,22,0.078438885,1430,3.727793163,2.235829077,Overall
